"0","51","1729","2003-04-03 19:44:12"
"1","98","247","1989-01-18 02:06:02"
"2","73","887","2015-05-27 11:19:17"
"3","87","375","2001-05-25 22:37:15"
"4","50","1611","2014-04-21 19:23:44"
"5","90","1516","2010-07-18 06:34:17"
"6","49","657","1985-05-26 11:34:29"
"7","16","1353","1988-03-23 07:19:50"
"8","81","935","2017-09-06 06:28:48"
"9","14","993","1978-11-21 10:23:50"
"10","79","1295","2003-12-24 07:03:36"
"11","79","41","2014-10-09 12:20:44"
"12","74","657","2005-05-28 01:07:16"
"13","4","760","1979-12-17 00:07:36"
"14","23","1291","1979-04-29 10:30:12"
"15","1","196","2007-09-18 18:28:50"
"16","98","780","1988-03-08 22:46:48"
"17","23","642","1970-09-29 21:28:49"
"18","83","103","2017-08-02 12:09:15"
"19","20","746","2000-10-04 13:40:54"
"20","85","560","1972-03-03 19:35:02"
"21","6","1592","1976-09-27 14:08:37"
"22","89","1059","2012-07-24 03:15:50"
"23","34","126","1997-06-25 17:58:53"
"24","90","415","1994-12-28 17:39:41"
"25","33","134","2017-08-02 07:23:00"
"26","59","1341","1980-12-20 10:00:32"
"27","93","327","1985-11-05 19:53:14"
"28","56","1973","1982-07-02 21:37:09"
"29","41","1430","1974-06-01 23:05:43"
"30","57","712","1981-11-05 01:21:03"
"31","50","667","1985-11-09 13:48:50"
"32","58","415","2020-02-20 21:51:39"
"33","10","1123","1972-11-22 21:23:27"
"34","98","469","1977-10-05 03:08:30"
"35","63","926","1985-07-30 04:43:55"
"36","17","1648","2007-08-28 04:16:25"
"37","38","1083","2016-06-20 19:32:08"
"38","64","1717","2008-05-11 20:17:05"
"39","22","1273","1982-04-06 13:20:07"
"40","96","1259","1986-03-30 14:19:48"
"41","38","1342","1990-11-25 22:27:56"
"42","4","751","2006-02-25 07:57:46"
"43","94","489","1979-04-04 14:30:45"
"44","1","275","1978-09-15 04:39:45"
"45","75","126","1989-10-17 21:23:17"
"46","87","1165","1994-06-08 20:12:23"
"47","54","1080","1994-06-24 06:56:12"
"48","84","827","2021-10-14 15:52:31"
"49","47","466","2001-06-15 18:58:08"
"50","46","650","1979-12-11 21:50:23"
"51","6","772","2003-10-03 06:49:23"
"52","72","372","1970-11-21 10:41:18"
"53","85","405","2005-09-09 01:56:57"
"54","63","201","2007-03-08 22:14:02"
"55","87","326","1995-08-05 22:07:25"
"56","57","686","2020-08-04 08:07:31"
"57","90","138","1976-05-04 16:31:53"
"58","8","1454","2009-03-21 12:52:38"
"59","90","1152","1989-07-14 08:31:15"
"60","60","325","1976-11-20 03:47:05"
"61","36","1269","1973-12-09 03:52:47"
"62","66","1354","2011-11-27 15:15:48"
"63","16","1994","2011-06-22 07:07:38"
"64","95","245","1970-03-06 04:04:16"
"65","32","243","1992-05-23 00:52:14"
"66","87","1819","2015-12-07 03:40:11"
"67","11","1374","1980-06-25 04:09:36"
"68","45","1277","2013-09-09 03:27:37"
"69","96","389","1997-05-14 20:09:14"
"70","53","1952","2012-01-14 14:08:03"
"71","13","1690","1977-12-10 05:05:52"
"72","99","1623","2019-02-06 22:36:05"
"73","90","1647","1976-03-18 12:06:01"
"74","7","380","2018-08-10 23:44:48"
"75","16","889","2018-12-28 11:41:09"
"76","90","605","2019-05-14 06:23:07"
"77","60","1433","1980-11-17 13:01:37"
"78","93","863","1981-12-02 02:11:49"
"79","37","425","1998-05-03 00:00:31"
"80","23","130","1998-02-13 09:05:36"
"81","94","683","1981-05-26 02:07:25"
"82","54","1815","2019-01-22 07:11:09"
"83","5","1626","2002-01-26 19:47:48"
"84","15","181","1982-10-15 07:43:26"
"85","46","1258","1995-12-18 16:26:21"
"86","54","66","2011-02-04 17:02:32"
"87","21","328","2001-03-24 14:15:09"
"88","51","1721","1977-08-19 02:22:00"
"89","9","1218","1989-09-03 19:50:29"
"90","33","1231","1989-09-16 01:52:41"
"91","44","371","1998-10-15 06:38:33"
"92","38","1228","1972-06-13 02:41:21"
"93","37","730","2014-03-04 14:51:36"
"94","45","494","2010-08-02 16:14:15"
"95","10","767","1999-08-21 14:49:23"
"96","95","1096","2015-06-16 01:36:00"
"97","86","1862","2013-11-01 22:17:52"
"98","45","387","1980-04-17 05:15:40"
"99","10","1362","1984-09-03 00:18:08"
"100","15","1019","2002-01-18 09:47:44"
"101","18","1027","1985-12-07 05:09:48"
"102","40","1331","1979-09-19 11:56:38"
"103","74","1121","2005-07-30 16:51:34"
"104","56","1354","1991-04-01 23:15:56"
"105","7","822","2004-06-15 22:09:33"
"106","57","1961","1997-01-16 12:51:07"
"107","83","608","1975-03-04 09:24:19"
"108","24","359","2004-06-22 11:33:08"
"109","50","969","1979-10-16 19:10:22"
"110","84","1726","1978-08-03 19:25:15"
"111","80","1610","2004-07-24 01:02:43"
"112","83","1772","2009-08-20 14:15:30"
"113","75","1499","2015-05-24 22:15:08"
"114","5","1814","2015-01-28 18:09:28"
"115","21","1509","2016-08-13 13:55:23"
"116","72","95","2003-08-15 19:05:24"
"117","15","1376","1994-07-26 14:27:50"
"118","10","502","2021-10-28 04:27:51"
"119","46","1337","2013-12-12 06:12:20"
"120","16","1328","1975-08-07 00:04:06"
"121","62","1337","2011-02-03 11:38:38"
"122","53","1635","1973-05-15 06:07:17"
"123","90","1863","2006-09-04 10:14:29"
"124","46","1992","1982-08-19 08:10:19"
"125","16","795","2008-08-07 03:20:21"
"126","9","1545","2016-09-26 22:42:28"
"127","66","879","1988-02-16 18:15:26"
"128","13","745","1975-01-14 12:11:00"
"129","19","823","2003-12-21 09:11:42"
"130","39","1799","2021-03-06 18:48:27"
"131","22","628","1976-11-14 02:52:25"
"132","50","1433","1972-06-05 13:08:29"
"133","62","1893","1998-05-30 09:31:14"
"134","28","1845","2019-03-18 15:23:49"
"135","48","568","2008-02-06 21:09:26"
"136","16","1970","1972-08-28 15:56:09"
"137","49","573","1979-03-19 12:19:32"
"138","38","1924","1992-09-22 01:08:49"
"139","75","1357","1998-08-25 05:38:34"
"140","97","1096","2001-04-08 05:58:51"
"141","44","1471","2004-02-11 03:01:18"
"142","58","1198","1994-06-06 01:53:18"
"143","22","705","1979-09-04 08:13:21"
"144","52","153","1982-10-06 14:25:10"
"145","35","87","2016-08-24 21:14:04"
"146","73","339","1988-06-11 13:13:52"
"147","16","1658","1998-02-11 15:08:02"
"148","26","1761","2013-10-18 01:26:40"
"149","68","1979","1981-10-05 17:51:45"
"150","76","864","1992-03-06 01:34:31"
"151","12","455","1988-03-17 11:57:35"
"152","15","1236","1987-02-26 06:31:15"
"153","64","453","2017-02-09 17:54:50"
"154","24","1396","1970-10-31 03:54:15"
"155","4","415","2018-12-26 22:42:46"
"156","53","579","2012-12-05 09:04:18"
"157","23","558","2008-05-12 17:38:54"
"158","19","889","2016-02-02 03:05:53"
"159","83","736","1983-08-21 16:27:58"
"160","83","745","1996-03-11 10:32:33"
"161","34","1064","1992-07-11 06:48:00"
"162","87","1626","1995-08-16 20:47:49"
"163","28","826","1986-11-18 18:00:31"
"164","79","263","2001-06-24 02:11:08"
"165","37","1069","2007-07-22 11:32:00"
"166","97","405","1993-01-13 11:40:48"
"167","28","1871","1987-10-02 18:34:23"
"168","28","722","2001-03-28 02:42:53"
"169","76","698","2009-11-14 10:13:43"
"170","78","801","1973-02-21 20:34:57"
"171","33","1796","1992-11-03 00:52:20"
"172","57","1305","2005-10-10 16:43:05"
"173","8","879","1989-12-29 22:34:34"
"174","71","1027","2010-08-01 14:51:41"
"175","96","740","1993-11-21 07:55:28"
"176","96","1773","1980-11-24 05:59:03"
"177","74","1237","2009-02-12 13:01:04"
"178","56","630","2011-11-05 13:22:13"
"179","14","1976","1971-12-21 10:08:28"
"180","43","562","2018-05-21 05:17:17"
"181","50","1100","1986-05-22 22:22:08"
"182","60","463","1986-06-13 15:56:58"
"183","49","1302","2006-10-02 00:43:58"
"184","32","1044","1996-06-21 10:59:05"
"185","27","1894","2017-11-10 00:32:25"
"186","69","1419","1977-05-06 05:58:36"
"187","54","508","1987-04-25 11:33:13"
"188","3","606","1997-07-29 01:04:48"
"189","52","698","1976-11-05 18:16:06"
"190","67","794","2007-01-20 01:53:05"
"191","41","1102","1992-10-12 08:43:23"
"192","73","969","2015-10-14 12:48:36"
"193","43","970","1983-04-26 22:42:29"
"194","23","1535","2012-04-28 20:15:45"
"195","1","1163","2002-04-04 08:21:07"
"196","50","582","1990-06-01 06:11:01"
"197","8","206","1984-01-04 16:59:21"
"198","74","550","1987-10-06 10:45:20"
"199","45","1154","1973-06-21 13:28:39"
"200","94","1385","1990-08-30 17:39:24"
"201","2","1604","1973-03-17 09:44:00"
"202","67","782","1997-04-08 03:46:50"
"203","24","1019","1982-06-24 06:12:19"
"204","20","772","2015-03-10 17:16:02"
"205","67","153","1990-06-15 10:43:31"
"206","15","327","2000-07-23 07:58:07"
"207","3","802","2001-08-20 01:48:35"
"208","55","771","1971-01-13 04:06:06"
"209","89","776","1977-06-12 18:19:28"
"210","48","416","2008-08-28 19:21:43"
"211","37","569","2000-08-10 16:51:36"
"212","57","1428","1973-03-24 21:01:09"
"213","62","35","1989-05-25 18:12:24"
"214","77","287","2020-08-17 23:26:48"
"215","59","637","2016-12-21 21:07:32"
"216","28","639","1982-03-08 07:03:14"
"217","7","62","1998-05-16 21:06:19"
"218","52","1768","1981-11-12 04:49:15"
"219","85","971","2020-12-06 18:22:04"
"220","69","271","1972-07-18 03:56:01"
"221","89","1258","2015-02-06 12:00:31"
"222","61","1180","1970-01-01 08:45:05"
"223","41","1302","1974-04-28 20:41:01"
"224","80","712","2007-05-05 18:53:01"
"225","25","125","2008-08-12 09:36:31"
"226","99","1544","2019-09-28 14:48:53"
"227","76","760","1990-01-12 05:19:52"
"228","83","191","2004-12-16 02:50:26"
"229","30","1446","1986-06-09 22:18:59"
"230","74","1596","1970-07-19 09:28:31"
"231","40","74","1989-03-07 18:41:21"
"232","10","570","1991-09-06 09:55:03"
"233","11","1257","1972-09-03 21:31:44"
"234","75","1721","1977-09-06 16:22:23"
"235","52","926","2005-04-18 15:18:57"
"236","27","278","2002-12-05 04:10:15"
"237","27","609","2020-03-01 21:48:55"
"238","66","420","1998-12-10 19:57:25"
"239","59","1729","2006-06-28 17:46:06"
"240","92","1560","2008-11-14 17:29:37"
"241","17","1027","2013-05-10 20:18:28"
"242","85","245","2008-11-11 13:33:54"
"243","51","814","2005-11-02 23:22:09"
"244","77","1097","1996-11-22 07:47:53"
"245","12","405","1988-12-22 16:47:35"
"246","12","535","1979-08-01 17:40:49"
"247","91","512","2012-12-22 12:58:48"
"248","31","540","1990-07-06 18:46:46"
"249","66","1253","1979-07-31 11:15:56"
"250","66","1055","2006-01-29 13:52:21"
"251","53","1247","1971-11-11 05:42:03"
"252","72","473","2000-09-21 23:12:10"
"253","91","494","2015-08-04 16:33:39"
"254","17","1371","1982-12-05 08:45:30"
"255","38","906","2001-07-05 19:07:16"
"256","32","949","1980-08-07 11:09:50"
"257","36","1362","2009-07-01 07:28:33"
"258","48","1487","1973-01-13 09:32:26"
"259","43","1240","1979-02-05 14:09:36"
"260","16","143","1997-05-25 16:14:40"
"261","98","17","1976-08-09 18:09:19"
"262","47","1191","1997-07-25 11:11:58"
"263","56","359","2009-01-04 05:28:42"
"264","26","359","2002-07-09 01:27:54"
"265","90","1756","1972-01-03 08:35:27"
"266","88","914","1988-01-28 11:00:21"
"267","83","1881","1986-03-14 04:56:08"
"268","44","204","2018-06-07 02:28:51"
"269","2","1354","1971-04-02 17:41:07"
"270","26","468","2021-05-21 01:46:59"
"271","10","1315","1972-12-07 23:44:12"
"272","79","1836","1970-12-02 12:46:40"
"273","81","1708","1983-10-15 23:43:58"
"274","32","52","1989-06-17 12:54:26"
"275","13","894","1980-02-23 13:07:02"
"276","91","1980","2005-03-18 01:46:07"
"277","56","297","2009-07-14 03:12:40"
"278","94","1853","2017-01-14 21:19:22"
"279","24","627","2018-05-07 09:09:31"
"280","43","327","1972-03-15 02:07:16"
"281","18","1949","1992-01-13 04:04:39"
"282","51","1101","1992-12-25 12:57:14"
"283","94","414","1979-10-19 09:37:12"
"284","64","1605","2010-10-21 17:15:47"
"285","21","17","1995-08-03 04:16:08"
"286","53","459","1983-01-31 12:26:57"
"287","20","1397","1984-11-09 22:45:47"
"288","89","1309","1997-02-05 23:22:01"
"289","24","1163","2001-01-02 20:10:34"
"290","78","681","1996-11-22 13:47:08"
"291","6","1228","1988-11-23 20:02:19"
"292","33","1506","2007-05-26 13:58:18"
"293","98","1438","1978-05-24 01:00:58"
"294","13","1052","2009-06-15 18:17:04"
"295","58","339","1973-01-17 05:18:31"
"296","27","437","1984-03-16 15:22:58"
"297","81","1830","2013-11-21 07:32:51"
"298","35","686","1990-10-20 18:01:33"
"299","28","90","2018-05-05 17:00:21"
"300","88","879","2002-07-19 00:31:28"
"301","21","1211","1983-11-24 07:18:49"
"302","1","547","2009-12-31 13:20:05"
"303","24","1449","1977-11-23 11:41:08"
"304","44","204","1996-01-29 04:42:37"
"305","58","1206","1990-12-15 20:33:39"
"306","28","1746","1994-08-10 00:28:04"
"307","41","214","2007-12-30 08:13:58"
"308","57","1033","1991-06-17 23:24:42"
"309","9","334","2014-11-08 02:46:15"
"310","90","1085","1986-11-21 08:08:02"
"311","59","1725","1992-11-11 06:40:23"
"312","45","1562","2019-11-02 06:18:01"
"313","23","657","1995-07-31 01:52:56"
"314","16","254","1985-05-13 17:00:26"
"315","69","1657","1999-09-23 01:24:51"
"316","21","682","1998-11-12 23:54:26"
"317","5","1001","2003-12-08 08:50:31"
"318","77","1675","1980-09-02 05:50:10"
"319","95","1356","2010-06-28 08:34:53"
"320","89","719","2008-08-20 09:56:22"
"321","65","1556","1974-05-30 08:34:04"
"322","80","60","1982-01-13 16:04:23"
"323","56","1656","2006-07-08 13:26:03"
"324","81","1313","1993-05-25 00:17:42"
"325","62","371","2014-04-10 03:59:08"
"326","67","1696","2010-03-08 07:37:05"
"327","30","1258","1982-11-26 11:41:48"
"328","78","1646","1984-09-16 03:14:41"
"329","87","682","1987-09-20 14:25:51"
"330","33","786","2018-09-30 03:10:15"
"331","67","1294","2012-10-08 09:24:34"
"332","6","15","2000-02-21 00:50:49"
"333","29","134","2014-08-08 11:36:21"
"334","97","1438","1970-07-12 05:39:05"
"335","28","1976","1985-09-19 14:02:17"
"336","75","1853","1978-01-15 16:31:28"
"337","59","1257","1970-04-09 07:44:25"
"338","31","1033","2016-12-06 15:36:10"
"339","99","1491","2003-03-22 06:21:06"
"340","7","103","2013-03-10 10:52:44"
"341","55","263","1976-05-30 12:17:42"
"342","79","1148","2001-12-06 22:20:05"
"343","12","1893","1979-06-10 20:13:26"
"344","17","720","2009-05-19 00:56:44"
"345","61","405","2011-10-05 22:31:34"
"346","57","1258","1982-07-26 07:15:29"
"347","10","1961","1978-08-01 12:33:16"
"348","33","615","2008-05-19 14:30:27"
"349","78","736","2012-11-08 12:29:29"
"350","70","1439","1974-10-22 07:35:59"
"351","20","421","1983-10-25 02:26:56"
"352","75","1635","1986-03-17 20:52:10"
"353","35","61","1997-02-18 23:02:05"
"354","79","35","1997-01-28 12:39:42"
"355","28","166","2015-07-12 03:28:44"
"356","58","768","1976-01-30 02:02:47"
"357","87","1499","2012-10-25 23:58:38"
"358","68","1394","2012-06-24 10:16:28"
"359","83","1021","1996-12-29 19:35:12"
"360","56","554","1970-11-22 01:01:37"
"361","42","449","1986-02-20 17:33:32"
"362","62","757","2021-08-25 21:41:30"
"363","85","604","2013-11-25 10:14:21"
"364","97","47","1990-10-08 22:15:48"
"365","37","1761","2001-10-19 09:53:37"
"366","97","1893","1979-07-05 12:04:49"
"367","13","1463","1972-08-28 00:00:25"
"368","11","427","2003-09-10 08:18:19"
"369","22","55","2014-03-15 22:36:56"
"370","66","1203","1996-10-18 01:22:40"
"371","23","384","1997-04-11 16:57:31"
"372","72","1065","1985-01-18 13:33:31"
"373","79","457","2015-02-27 15:37:18"
"374","74","626","2005-09-16 05:35:19"
"375","86","61","1988-02-14 12:02:20"
"376","39","770","1986-07-28 15:24:43"
"377","10","1376","2016-04-15 04:45:30"
"378","91","140","2017-10-04 00:16:48"
"379","53","783","2001-09-04 14:46:44"
"380","9","1880","1973-09-24 16:39:51"
"381","68","917","2007-01-24 17:56:15"
"382","43","818","1980-05-07 02:07:00"
"383","91","385","2018-05-30 20:36:02"
"384","26","856","2002-06-09 00:05:51"
"385","78","1755","1976-06-20 16:05:19"
"386","19","278","1973-11-13 10:43:21"
"387","21","77","1980-01-26 14:10:24"
"388","40","1070","2004-06-10 08:03:33"
"389","31","1596","1989-10-05 03:39:19"
"390","28","788","2015-03-02 09:53:45"
"391","17","1112","1979-12-08 21:50:39"
"392","16","77","2002-08-15 08:41:16"
"393","34","962","2019-04-13 01:53:35"
"394","97","754","1974-11-03 14:14:14"
"395","17","991","2021-04-26 05:13:31"
"396","60","1140","1976-06-05 13:07:13"
"397","21","1030","1983-01-31 17:17:41"
"398","54","1777","2007-07-04 00:22:54"
"399","74","1326","2013-02-14 08:31:04"
"400","22","248","2020-09-25 07:46:39"
"401","31","174","1987-04-25 01:39:04"
"402","57","782","1972-08-08 22:17:31"
"403","51","1419","2019-09-05 10:00:27"
"404","55","560","2003-05-26 20:41:57"
"405","52","1914","1974-01-09 09:13:26"
"406","19","681","2004-03-26 00:24:57"
"407","15","717","2018-12-04 03:09:46"
"408","37","666","2000-08-29 21:52:24"
"409","92","1756","2010-06-18 14:12:10"
"410","91","285","1985-06-01 09:16:07"
"411","44","783","2005-01-15 16:11:25"
"412","81","611","2001-10-18 12:02:11"
"413","35","50","1975-05-29 05:27:19"
"414","94","1078","2003-02-18 19:59:07"
"415","47","174","2020-02-07 21:58:22"
"416","53","420","1991-01-23 04:19:49"
"417","39","512","2007-12-01 23:49:03"
"418","87","357","2018-03-20 22:48:09"
"419","98","1405","1993-05-16 22:16:17"
"420","85","137","2017-08-13 13:50:47"
"421","61","681","1978-06-01 17:50:19"
"422","38","1405","2011-09-09 22:52:29"
"423","24","1360","1981-08-01 07:55:35"
"424","58","122","1993-10-13 13:58:45"
"425","48","1658","1997-09-11 01:43:16"
"426","31","1283","2013-10-23 03:53:23"
"427","11","1704","2020-09-30 10:53:06"
"428","45","951","1983-08-05 14:21:22"
"429","67","1916","2014-08-07 12:41:56"
"430","35","1261","1988-03-04 05:07:45"
"431","59","84","2021-08-10 22:45:28"
"432","20","772","1988-12-25 19:18:16"
"433","45","919","1989-05-26 19:30:47"
"434","47","1322","1982-07-22 08:17:53"
"435","35","1772","2010-01-03 16:08:00"
"436","7","1412","1999-05-24 12:18:22"
"437","95","1258","1971-12-08 18:10:39"
"438","2","1977","2010-10-17 16:20:41"
"439","4","1506","1970-11-15 00:31:06"
"440","80","808","2011-10-28 14:14:49"
"441","24","122","1978-09-25 14:56:15"
"442","86","1396","2020-01-03 11:22:58"
"443","80","572","2015-09-14 15:21:57"
"444","99","658","1995-08-26 15:00:30"
"445","83","993","2003-04-22 05:22:07"
"446","29","1127","2012-09-04 10:14:30"
"447","72","216","2014-05-02 23:25:53"
"448","74","1257","1992-09-21 17:05:56"
"449","97","494","1970-11-04 07:40:46"
"450","73","1362","2006-12-06 09:00:00"
"451","15","489","1980-08-31 12:03:13"
"452","61","264","2018-09-22 09:30:50"
"453","60","1746","2017-12-29 20:00:42"
"454","9","1883","1970-02-16 16:45:59"
"455","30","906","1996-12-18 17:45:49"
"456","40","34","1984-11-10 07:39:13"
"457","45","1309","2004-07-12 01:45:44"
"458","5","1826","1980-02-02 06:37:29"
"459","38","1203","1982-01-20 12:52:49"
"460","0","204","1998-07-04 08:17:57"
"461","44","1862","2021-07-04 00:00:24"
"462","69","134","1987-01-26 16:08:28"
"463","20","1508","2015-01-28 21:02:50"
"464","5","1471","1992-08-20 11:43:47"
"465","64","1884","1988-01-26 07:26:08"
"466","28","1544","2012-11-26 09:55:13"
"467","74","1604","2006-03-19 02:51:00"
"468","74","662","1976-12-07 18:04:08"
"469","43","591","1978-03-03 07:03:02"
"470","24","1557","1999-07-27 18:37:25"
"471","3","1291","1984-07-26 16:46:21"
"472","32","1717","2012-09-05 01:13:14"
"473","54","1217","1993-09-21 15:11:09"
"474","4","191","1977-09-09 10:28:53"
"475","55","1097","1973-07-31 12:56:11"
"476","96","1982","2003-10-28 22:17:39"
"477","74","1976","2015-09-06 08:02:14"
"478","20","1763","1985-06-24 10:33:53"
"479","4","246","1978-09-08 06:31:52"
"480","97","1432","2012-02-29 10:54:09"
"481","53","1289","2012-07-10 20:34:00"
"482","16","1364","1983-07-14 09:33:00"
"483","18","657","2013-02-26 21:56:35"
"484","86","76","1999-07-09 21:57:40"
"485","37","214","2001-11-24 12:56:46"
"486","40","819","1992-05-05 09:13:06"
"487","52","827","2016-04-30 13:40:09"
"488","46","524","1980-11-13 04:49:42"
"489","31","1542","2003-12-27 09:53:01"
"490","9","1723","1988-02-14 16:54:50"
"491","54","166","2012-06-08 07:32:02"
"492","82","66","1991-04-21 10:26:49"
"493","53","1929","2010-02-16 23:45:11"
"494","41","35","1976-10-13 03:43:50"
"495","57","1415","2010-12-12 12:57:02"
"496","31","352","1991-02-27 22:49:10"
"497","70","221","1995-10-09 05:54:45"
"498","45","1027","1985-12-19 09:56:15"
"499","98","1945","1986-01-01 05:13:16"
"500","87","548","2002-01-05 18:13:51"
"501","8","261","1978-05-25 09:57:27"
"502","68","8","2021-04-20 17:44:56"
"503","31","261","1989-02-27 18:41:11"
"504","0","573","2004-04-03 20:38:20"
"505","73","1729","1991-11-10 01:14:07"
"506","66","1767","1998-10-30 18:33:35"
"507","67","877","2011-10-27 20:40:36"
"508","58","341","2010-10-08 18:16:06"
"509","31","231","2018-12-20 19:34:07"
"510","47","1692","2016-01-12 16:11:40"
"511","77","126","1972-11-30 11:36:08"
"512","55","1040","1976-12-14 18:16:09"
"513","57","1994","1990-05-20 18:19:23"
"514","53","1175","1989-06-18 21:30:54"
"515","53","1194","2002-05-22 00:27:36"
"516","82","1569","1991-01-07 14:46:57"
"517","5","50","1982-05-10 04:57:08"
"518","98","957","1994-03-15 10:17:55"
"519","73","495","1992-12-22 18:01:40"
"520","33","1505","1970-12-05 12:39:37"
"521","35","1053","1997-09-07 13:09:42"
"522","81","514","2021-06-04 22:11:10"
"523","51","297","1978-12-04 13:21:51"
"524","18","1715","1977-11-21 02:26:22"
"525","68","914","1992-10-23 07:59:44"
"526","74","1863","2013-04-18 20:01:23"
"527","21","788","1972-06-30 13:53:34"
"528","53","639","1991-11-27 09:46:19"
"529","69","970","2013-12-18 11:23:36"
"530","36","1512","1972-03-04 10:41:26"
"531","75","1089","1987-04-02 22:43:08"
"532","56","1044","1970-05-25 12:30:40"
"533","76","155","2005-07-10 05:23:51"
"534","30","824","2016-07-29 10:44:03"
"535","32","371","1976-04-02 19:50:43"
"536","72","1519","1976-12-21 03:20:10"
"537","70","1427","1980-11-10 04:56:53"
"538","75","1428","1999-06-07 23:34:39"
"539","9","1248","2012-05-23 02:46:59"
"540","19","818","2020-03-14 17:53:42"
"541","62","1498","1978-04-03 10:55:32"
"542","79","1611","1981-11-22 15:13:29"
"543","79","69","2016-05-30 09:21:07"
"544","82","248","1983-05-02 20:59:09"
"545","20","1512","2007-11-03 23:28:15"
"546","47","1895","1978-10-13 18:13:46"
"547","49","1170","1989-06-28 20:02:52"
"548","39","586","1977-08-17 23:42:07"
"549","34","1088","1976-07-27 15:20:52"
"550","2","145","1973-04-30 19:06:40"
"551","17","787","2005-11-09 00:18:40"
"552","61","1148","2001-03-21 13:47:47"
"553","50","1692","2010-02-16 14:29:08"
"554","22","826","1987-11-19 17:34:31"
"555","27","1129","1970-05-06 00:53:53"
"556","79","1424","2017-05-18 13:12:00"
"557","30","935","2007-12-20 15:06:11"
"558","12","501","2004-05-13 23:15:26"
"559","77","1334","2000-01-18 03:31:02"
"560","79","185","2005-09-06 03:58:31"
"561","29","1839","1971-01-24 15:24:55"
"562","35","1668","1990-03-22 08:59:00"
"563","98","1127","1971-11-07 01:24:10"
"564","75","1746","1980-03-27 09:40:23"
"565","4","1259","1996-01-02 15:03:48"
"566","38","1844","2011-02-22 17:25:21"
"567","45","145","1970-07-27 00:45:30"
"568","19","324","2018-02-13 01:47:46"
"569","59","1452","1980-05-21 00:32:00"
"570","71","965","1995-03-01 14:08:04"
"571","35","801","1986-02-22 20:22:26"
"572","69","325","2017-10-02 22:23:30"
"573","31","1909","2014-02-04 15:24:02"
"574","56","835","1985-10-01 00:19:18"
"575","70","1266","2014-11-18 00:47:17"
"576","10","50","2019-03-10 06:32:07"
"577","88","1089","1986-06-10 01:06:45"
"578","75","1228","2005-09-04 01:27:10"
"579","49","255","2017-01-06 07:03:15"
"580","22","285","2019-08-31 04:17:42"
"581","6","487","1983-12-11 06:40:22"
"582","12","579","1975-06-08 15:14:33"
"583","63","1439","2010-10-14 09:18:12"
"584","80","107","2021-10-29 10:04:26"
"585","9","921","1989-05-18 14:03:26"
"586","57","1193","2007-06-09 01:56:01"
"587","18","61","1972-04-03 20:36:59"
"588","47","1","1996-06-06 16:33:22"
"589","22","1047","2007-07-22 20:09:32"
"590","45","560","1983-03-24 05:08:41"
"591","47","1505","1993-12-19 04:23:45"
"592","18","761","2001-07-16 12:48:24"
"593","55","1944","1994-04-29 04:32:35"
"594","20","1682","1997-05-19 22:26:25"
"595","95","562","1999-02-13 18:56:43"
"596","87","533","2019-10-19 05:20:32"
"597","61","1723","2004-09-12 20:41:10"
"598","68","1663","1996-01-18 22:18:17"
"599","8","201","1993-01-13 00:47:58"
"600","8","497","1970-10-22 09:26:56"
"601","72","466","1993-04-11 01:37:10"
"602","66","787","2009-01-16 21:21:13"
"603","56","900","2009-05-04 19:03:37"
"604","73","762","2011-01-10 12:51:31"
"605","61","1261","1987-02-07 13:10:15"
"606","50","1675","1976-10-14 18:26:41"
"607","7","1413","1988-07-14 14:33:01"
"608","63","1789","1982-01-06 20:47:38"
"609","76","595","2015-02-07 22:02:22"
"610","83","419","1980-04-13 11:14:34"
"611","72","1999","2012-03-27 06:44:07"
"612","48","1765","1982-03-11 03:32:25"
"613","22","1798","1978-04-01 02:35:24"
"614","61","1298","1986-12-21 16:00:42"
"615","46","1452","1978-11-16 18:45:38"
"616","41","449","2011-04-18 20:22:33"
"617","59","15","2010-12-23 12:34:00"
"618","96","1895","1977-03-19 23:03:12"
"619","50","255","1987-06-09 00:53:31"
"620","7","1708","2004-08-01 17:41:16"
"621","3","1751","1976-10-12 05:00:33"
"622","21","425","1978-12-19 05:57:41"
"623","23","76","1985-04-05 22:32:17"
"624","6","1179","2018-07-30 10:49:01"
"625","72","185","1999-02-05 12:33:11"
"626","82","1782","1985-02-02 05:04:26"
"627","22","993","1980-08-29 16:25:35"
"628","20","1702","2018-09-01 12:58:21"
"629","1","615","1997-09-30 18:12:35"
"630","55","856","1980-08-09 19:13:43"
"631","2","1098","2007-01-21 19:33:15"
"632","87","1","1973-06-30 16:10:17"
"633","58","549","1977-11-30 12:28:50"
"634","13","1149","1976-04-04 08:59:19"
"635","60","257","1980-12-04 04:15:37"
"636","54","1248","1975-08-23 07:22:59"
"637","58","1083","2017-03-04 14:29:16"
"638","76","1294","1981-03-08 11:09:40"
"639","41","971","1972-02-07 03:54:02"
"640","18","1317","1985-06-09 06:00:27"
"641","14","1230","2021-10-28 15:41:31"
"642","91","1285","2015-02-27 13:18:21"
"643","37","379","2021-01-21 01:31:08"
"644","94","389","1989-02-03 14:24:46"
"645","5","1646","1981-11-21 08:42:56"
"646","33","1131","1981-11-29 01:17:06"
"647","98","551","2003-05-18 03:47:10"
"648","25","1962","1985-02-11 13:08:58"
"649","96","372","1975-03-02 03:36:48"
"650","23","1396","2012-02-26 20:11:29"
"651","58","1692","1992-09-28 02:38:48"
"652","70","205","1985-11-24 09:26:25"
"653","77","1230","1987-06-13 07:22:18"
"654","55","8","2005-01-02 02:31:42"
"655","6","1244","1987-09-15 22:07:13"
"656","66","719","1980-03-29 03:31:24"
"657","79","1979","2015-12-29 18:38:13"
"658","84","523","2010-07-26 23:02:19"
"659","39","573","2011-12-14 10:31:32"
"660","19","391","2019-10-16 19:34:06"
"661","1","246","2010-05-21 00:25:22"
"662","3","1413","1996-04-26 01:13:16"
"663","29","642","1977-03-30 11:27:26"
"664","12","1089","1994-07-26 10:10:40"
"665","64","1702","1972-10-09 23:20:12"
"666","33","1650","1992-10-07 13:04:04"
"667","83","666","1971-08-01 10:00:02"
"668","66","379","1974-08-04 10:22:49"
"669","69","1721","2002-03-22 04:59:20"
"670","20","249","2020-12-18 02:39:19"
"671","41","560","1992-12-28 17:45:59"
"672","25","1334","2004-10-25 14:11:31"
"673","62","31","2000-07-24 13:09:55"
"674","12","582","2003-02-08 17:34:57"
"675","25","214","2005-01-15 18:59:17"
"676","99","872","2006-12-12 09:04:38"
"677","37","368","1977-02-06 06:04:32"
"678","80","760","1978-02-10 12:14:29"
"679","64","235","1982-09-01 09:16:41"
"680","19","1371","1993-03-26 17:24:11"
"681","63","1021","1981-08-03 20:55:03"
"682","52","607","2014-10-20 17:50:29"
"683","30","49","1998-12-04 18:00:47"
"684","36","294","2014-07-15 08:27:16"
"685","85","414","2021-09-04 16:17:58"
"686","10","1696","2007-08-03 22:57:50"
"687","83","656","2020-06-12 18:26:26"
"688","6","1879","2018-11-25 17:03:59"
"689","13","1428","1981-03-15 14:07:20"
"690","67","88","1979-01-17 04:39:19"
"691","30","1623","1985-03-31 02:15:52"
"692","48","772","1992-05-06 00:24:30"
"693","6","863","1991-10-10 12:59:10"
"694","74","1595","2011-02-08 21:42:47"
"695","47","1096","2015-07-02 00:44:20"
"696","27","647","1997-03-13 12:04:09"
"697","87","1602","2021-08-06 15:27:50"
"698","99","1328","2008-01-11 05:22:11"
"699","26","1853","1994-03-29 04:28:31"
"700","23","864","2016-04-12 05:29:06"
"701","16","1929","1992-10-18 10:43:46"
"702","68","1420","2000-11-29 00:25:37"
"703","2","389","1981-08-04 11:46:18"
"704","11","1560","2007-06-09 07:33:01"
"705","44","630","1982-02-07 12:19:54"
"706","24","228","2003-05-25 01:49:44"
"707","92","47","2021-07-08 23:02:15"
"708","88","1838","2004-09-01 22:39:19"
"709","13","1411","1990-10-18 20:34:17"
"710","74","316","2011-12-16 21:33:19"
"711","61","1657","2005-07-31 18:26:07"
"712","85","913","1997-12-13 19:52:47"
"713","1","16","2010-06-29 07:23:38"
"714","80","134","2008-01-04 07:00:51"
"715","83","1436","1986-02-26 11:23:25"
"716","31","1873","1992-03-31 15:04:11"
"717","89","1691","2005-09-29 02:56:07"
"718","64","512","1998-03-06 06:07:49"
"719","91","404","1996-10-07 11:40:14"
"720","72","1724","2018-09-22 15:40:52"
"721","92","780","1973-01-03 23:10:14"
"722","89","1333","1981-10-10 04:07:34"
"723","80","231","1986-06-01 17:21:28"
"724","75","1250","1992-08-18 10:15:34"
"725","2","1485","2012-10-29 15:21:25"
"726","60","1880","1972-08-31 20:38:37"
"727","93","435","1974-12-05 03:25:09"
"728","64","1337","2002-12-18 12:29:51"
"729","41","949","1980-01-30 12:47:55"
"730","17","1557","1976-12-30 12:47:33"
"731","34","1148","1985-09-09 14:30:22"
"732","29","1445","1996-12-27 13:34:33"
"733","71","1653","2009-03-29 03:14:07"
"734","79","1396","2018-09-28 11:36:59"
"735","16","634","1975-08-14 04:06:55"
"736","54","824","1993-11-23 18:30:19"
"737","90","1316","2015-07-20 20:04:26"
"738","79","1873","1972-06-30 12:30:50"
"739","17","1606","1984-07-27 13:59:48"
"740","33","1997","1980-04-04 18:21:15"
"741","67","1653","1983-03-14 16:12:58"
"742","78","187","2015-10-01 06:47:16"
"743","9","117","1973-05-28 08:17:09"
"744","83","430","1978-06-04 21:27:42"
"745","24","430","1980-01-19 21:04:37"
"746","82","1582","2011-09-01 00:37:30"
"747","5","1251","2009-04-06 13:42:40"
"748","90","543","2014-04-09 10:33:11"
"749","11","1112","2021-09-19 05:14:44"
"750","35","391","2020-07-24 11:01:33"
"751","42","852","1981-05-27 21:13:29"
"752","88","1728","1989-07-27 14:56:01"
"753","19","1942","1975-02-02 20:36:00"
"754","71","875","1986-03-25 03:43:24"
"755","2","564","2003-12-07 13:42:11"
"756","22","270","2004-10-07 12:15:02"
"757","61","1624","1977-09-08 15:18:20"
"758","90","1794","2004-03-08 14:36:50"
"759","12","1873","1973-07-25 09:18:33"
"760","92","1261","2004-08-23 17:47:26"
"761","42","683","2011-08-26 09:13:30"
"762","38","1826","1976-08-08 07:33:39"
"763","16","1429","1970-06-01 07:22:26"
"764","67","755","1996-10-15 16:00:38"
"765","61","1319","1980-10-01 08:26:31"
"766","56","1626","2012-08-29 01:55:51"
"767","82","512","1995-08-07 19:50:31"
"768","22","473","2011-10-10 06:56:21"
"769","24","1799","1989-04-11 20:39:31"
"770","72","752","1986-03-14 07:47:40"
"771","80","1992","2004-09-21 04:14:58"
"772","0","1452","1974-12-02 20:41:07"
"773","48","754","1995-03-29 15:58:25"
"774","50","1393","1984-09-11 03:20:13"
"775","16","1229","1983-01-03 12:18:09"
"776","84","1682","2003-10-29 10:58:05"
"777","26","1248","1975-06-27 10:05:38"
"778","32","119","1998-01-03 19:19:51"
"779","18","917","1976-08-08 09:23:34"
"780","55","901","1981-01-15 15:17:22"
"781","44","761","2017-02-08 07:35:17"
"782","37","1310","1991-07-20 23:46:32"
"783","89","1799","2012-12-05 14:26:52"
"784","51","1075","2001-03-02 20:21:29"
"785","34","1650","2009-08-16 00:54:02"
"786","25","185","2019-02-18 19:51:47"
"787","89","1129","1982-01-25 11:38:55"
"788","64","1515","2010-02-11 02:30:21"
"789","91","536","2015-06-25 15:14:56"
"790","20","50","1995-10-12 20:32:01"
"791","11","1287","2015-07-16 05:29:21"
"792","38","1179","2004-01-20 18:31:39"
"793","62","1667","1990-11-22 09:38:49"
"794","49","828","1975-09-24 15:21:23"
"795","81","770","1992-09-17 14:52:43"
"796","51","625","1992-09-19 05:19:10"
"797","69","153","1972-12-01 20:14:05"
"798","35","297","2000-09-17 10:28:15"
"799","64","894","2016-03-26 22:20:42"
"800","5","1392","1984-05-26 14:58:08"
"801","57","1337","1981-09-21 01:37:23"
"802","50","719","2000-05-12 01:57:18"
"803","39","125","1992-10-07 06:25:33"
"804","22","1895","2008-11-26 15:09:09"
"805","33","1229","1978-05-09 18:28:52"
"806","9","489","2020-09-20 13:42:51"
"807","0","921","1987-04-26 17:24:36"
"808","25","457","2013-03-12 03:44:49"
"809","27","1656","1984-10-30 16:22:15"
"810","24","1299","1998-01-01 23:50:36"
"811","4","547","2007-07-06 22:34:03"
"812","56","633","1990-11-25 10:07:33"
"813","31","333","2013-10-05 10:34:19"
"814","6","335","1988-11-05 07:49:40"
"815","48","1483","2020-01-30 18:40:14"
"816","71","1992","2002-01-10 03:08:18"
"817","37","719","1993-01-01 20:18:44"
"818","35","426","1972-07-02 13:08:09"
"819","19","690","2009-08-29 02:49:28"
"820","12","898","1981-05-20 14:44:09"
"821","95","783","1971-04-10 02:28:42"
"822","90","918","1981-07-19 17:23:55"
"823","88","41","2015-06-13 17:28:25"
"824","49","1830","2021-04-09 06:49:07"
"825","74","242","1993-07-11 06:06:22"
"826","82","339","1993-07-10 09:36:45"
"827","79","1767","2011-08-10 20:56:55"
"828","65","1584","1974-11-18 08:10:11"
"829","72","609","2013-01-28 02:56:10"
"830","41","249","2019-12-29 12:45:24"
"831","68","1285","1975-06-12 01:59:04"
"832","82","848","2007-02-13 09:18:29"
"833","64","216","2003-06-11 11:56:02"
"834","22","281","2006-10-22 01:33:05"
"835","46","187","1980-10-13 03:09:24"
"836","46","1086","1985-03-25 03:02:43"
"837","91","137","2007-12-04 05:33:34"
"838","96","355","1997-11-30 04:30:37"
"839","55","634","2015-10-29 11:27:30"
"840","56","1705","1994-03-01 00:29:16"
"841","12","589","2020-03-25 17:09:38"
"842","43","473","1982-06-09 01:36:28"
"843","39","1990","1978-03-13 10:47:35"
"844","84","1717","1988-08-17 23:26:08"
"845","7","611","1995-08-14 04:33:27"
"846","74","1704","2020-11-27 17:15:32"
"847","24","1120","1982-12-19 11:23:06"
"848","69","692","1994-11-27 06:44:41"
"849","15","1715","2009-03-10 20:05:49"
"850","66","1468","1993-10-28 17:00:34"
"851","27","1191","2015-10-05 11:39:38"
"852","67","1364","2011-07-31 03:58:47"
"853","27","595","1979-11-26 10:17:58"
"854","50","770","1982-10-06 00:19:14"
"855","23","541","1971-10-05 13:47:03"
"856","31","1990","1992-11-07 18:35:09"
"857","82","1248","1979-12-27 02:22:07"
"858","13","308","1989-07-22 20:17:05"
"859","3","561","2020-11-23 16:31:53"
"860","68","1393","1985-01-18 16:44:32"
"861","43","755","1981-01-14 02:01:34"
"862","68","731","2020-04-18 12:59:14"
"863","14","1219","1993-12-18 14:02:57"
"864","7","751","1986-06-20 00:21:53"
"865","81","1131","2013-09-17 23:33:13"
"866","86","866","2010-09-20 09:30:27"
"867","85","84","1976-09-07 14:14:19"
"868","27","1816","2012-06-20 23:26:06"
"869","72","926","2001-09-11 03:21:12"
"870","82","609","2003-11-29 00:14:10"
"871","11","1377","1970-03-12 11:18:00"
"872","91","1309","1982-10-09 00:03:38"
"873","11","1763","1973-08-12 16:39:18"
"874","56","805","1997-02-04 11:23:31"
"875","41","1107","1978-09-10 19:40:18"
"876","40","270","2019-10-18 02:15:07"
"877","4","89","2000-02-17 09:12:32"
"878","17","1234","1985-11-03 12:47:44"
"879","7","1853","2010-08-25 18:49:58"
"880","37","948","2000-08-09 22:15:06"
"881","92","316","1985-01-03 22:19:45"
"882","38","1294","1977-09-29 04:21:31"
"883","66","984","1991-06-08 22:52:55"
"884","95","457","1974-03-30 04:54:26"
"885","31","766","2004-07-14 13:19:06"
"886","58","128","1977-01-18 07:50:41"
"887","13","371","1989-10-06 18:40:47"
"888","36","1819","2014-10-27 23:28:27"
"889","30","828","1988-10-19 21:51:09"
"890","69","833","1984-05-10 04:19:19"
"891","74","652","2002-10-17 17:25:57"
"892","28","969","1974-09-29 23:46:47"
"893","40","1161","1975-05-03 11:38:34"
"894","76","405","1981-09-16 05:25:00"
"895","87","321","1983-05-07 03:15:00"
"896","1","776","1996-09-21 10:44:42"
"897","38","357","2015-11-24 00:05:29"
"898","81","1816","2001-06-04 18:27:15"
"899","15","1593","1975-10-01 07:02:23"
"900","24","1366","1997-07-12 11:22:06"
"901","41","1419","1977-02-09 04:57:02"
"902","89","341","1988-08-26 03:32:53"
"903","80","494","2017-02-10 20:12:13"
"904","26","875","2021-04-30 19:21:40"
"905","89","1250","1997-07-12 23:45:16"
"906","90","633","1996-04-20 11:59:02"
"907","24","971","1977-10-06 13:13:46"
"908","78","1349","1993-09-01 12:01:43"
"909","63","1879","1985-12-21 17:10:31"
"910","92","1512","2012-06-15 14:54:42"
"911","91","768","2013-10-11 09:41:42"
"912","0","945","1975-02-02 17:30:52"
"913","96","1221","2007-09-04 06:17:19"
"914","79","564","2012-03-01 20:55:24"
"915","34","194","1973-05-06 07:46:23"
"916","69","1315","1997-03-20 23:47:44"
"917","98","730","1990-04-01 12:42:36"
"918","47","195","2011-12-13 09:06:39"
"919","11","1360","1993-03-10 01:54:24"
"920","4","1511","1984-06-06 20:03:37"
"921","36","551","2010-07-31 06:13:14"
"922","6","547","1972-08-09 03:41:55"
"923","0","1704","1976-04-10 00:01:52"
"924","14","1378","1980-06-07 14:58:12"
"925","12","852","1972-10-22 21:23:48"
"926","66","626","2002-11-28 07:12:09"
"927","7","761","1987-10-26 16:12:12"
"928","54","755","2003-03-04 16:42:42"
"929","21","263","1971-12-23 12:46:28"
"930","18","732","1982-07-25 06:40:26"
"931","60","1508","1990-08-04 16:13:36"
"932","1","1220","1989-09-01 19:42:18"
"933","87","1198","2018-03-03 08:07:14"
"934","50","195","1993-03-09 23:34:54"
"935","86","954","1975-02-19 06:36:12"
"936","26","117","2017-01-02 22:44:55"
"937","5","277","1971-05-04 13:30:27"
"938","56","1430","2004-07-02 20:43:16"
"939","78","348","1974-09-07 06:50:11"
"940","89","308","2007-04-12 04:29:41"
"941","3","1632","1990-04-30 22:20:55"
"942","90","582","1978-05-05 18:18:52"
"943","46","1945","2019-07-18 08:29:34"
"944","16","1876","1972-10-15 19:30:36"
"945","95","1198","1985-05-26 08:59:49"
"946","55","103","2010-07-01 15:17:36"
"947","76","1228","1989-04-17 07:21:41"
"948","56","970","1977-09-15 00:04:58"
"949","62","1440","1995-11-23 21:31:03"
"950","11","1415","1999-04-20 17:23:18"
"951","91","712","1971-12-24 09:21:34"
"952","0","1606","2002-08-18 22:00:09"
"953","55","1656","2005-12-01 16:44:10"
"954","56","617","2009-06-06 17:05:16"
"955","46","1283","1988-08-18 11:16:24"
"956","65","1607","2001-09-03 22:47:16"
"957","64","333","1996-02-12 12:58:59"
"958","28","1623","1977-06-04 20:39:50"
"959","17","1976","1997-08-10 13:25:14"
"960","1","798","2015-09-18 01:25:08"
"961","50","345","1977-06-24 16:01:08"
"962","83","188","1977-09-12 14:36:26"
"963","29","205","1984-08-08 16:24:06"
"964","81","625","1996-03-06 08:28:50"
"965","5","1278","1993-04-01 02:30:28"
"966","41","1768","2007-12-14 05:58:54"
"967","86","167","2018-04-01 07:54:19"
"968","84","1320","1991-09-02 17:29:58"
"969","49","757","1983-08-05 10:45:34"
"970","17","285","2017-05-15 13:31:08"
"971","67","1217","2008-08-13 08:30:05"
"972","55","788","1992-07-14 15:30:34"
"973","18","317","2017-10-12 08:44:27"
"974","59","1656","1994-08-29 10:23:51"
"975","81","1429","2018-06-21 12:25:01"
"976","68","751","1988-04-23 06:06:54"
"977","89","1078","1971-10-02 22:47:25"
"978","99","405","2011-10-22 20:24:52"
"979","66","1","1982-04-18 21:58:52"
"980","52","818","1975-10-12 22:43:15"
"981","61","1873","1996-04-19 23:14:22"
"982","6","1394","1973-08-20 17:36:09"
"983","93","1805","2012-12-23 15:16:19"
"984","1","1230","2011-08-04 20:23:00"
"985","45","290","1993-08-15 17:02:10"
"986","56","310","2014-05-04 04:41:32"
"987","79","1217","2016-02-01 02:22:28"
"988","33","1032","1978-06-12 06:04:37"
"989","64","768","2020-08-04 00:21:33"
"990","14","1819","1991-10-01 14:59:21"
"991","21","1597","2012-05-19 21:17:37"
"992","31","264","1997-03-23 11:11:07"
"993","89","1767","1972-11-05 12:31:45"
"994","39","248","1994-10-27 00:54:44"
"995","28","1825","1986-05-30 11:14:14"
"996","69","1335","2001-04-29 11:19:40"
"997","68","273","2004-07-24 03:02:15"
"998","3","1079","1972-10-29 14:20:49"
"999","6","435","1987-08-10 12:22:27"
"1000","99","1507","2017-10-04 04:27:17"
"1001","95","483","1984-07-24 03:31:33"
"1002","70","264","2017-03-30 19:51:53"
"1003","2","158","1972-06-25 20:34:43"
"1004","26","1819","2018-09-20 14:15:48"
"1005","47","47","1984-07-24 05:38:58"
"1006","57","1019","2019-05-04 05:51:12"
"1007","19","814","1994-11-28 19:47:44"
"1008","97","642","1989-05-02 16:27:41"
"1009","98","1269","2016-07-04 21:47:52"
"1010","96","754","1971-04-10 15:16:32"
"1011","23","1626","1986-03-12 22:25:56"
"1012","76","1945","1975-09-02 00:48:12"
"1013","47","893","2020-10-27 11:57:05"
"1014","13","1718","1989-04-27 01:21:50"
"1015","17","279","1980-12-29 16:20:00"
"1016","25","1198","2012-05-04 04:06:03"
"1017","92","1","2019-12-19 02:34:55"
"1018","34","158","1973-01-23 16:22:11"
"1019","79","374","2001-02-01 02:27:49"
"1020","36","1460","1988-06-26 00:41:27"
"1021","50","782","1974-07-08 18:38:17"
"1022","85","281","1983-06-16 08:51:24"
"1023","7","334","1982-12-31 11:59:01"
"1024","83","287","1973-02-21 10:13:01"
"1025","25","1286","2009-12-13 20:51:39"
"1026","45","1213","2005-06-16 05:15:11"
"1027","40","387","2017-12-23 18:58:01"
"1028","9","196","1970-08-29 23:01:26"
"1029","16","244","2006-05-28 21:40:03"
"1030","86","211","1978-03-21 22:47:41"
"1031","54","1027","1983-01-03 01:54:29"
"1032","68","1413","2005-12-20 18:07:28"
"1033","15","300","2007-11-17 17:46:09"
"1034","36","681","2012-06-28 23:06:44"
"1035","75","473","1980-01-22 00:23:11"
"1036","55","1530","1973-01-08 03:02:54"
"1037","60","501","1978-05-09 22:14:21"
"1038","93","1027","2020-06-07 06:53:02"
"1039","34","1097","1988-01-18 13:03:12"
"1040","44","902","1991-07-25 14:46:01"
"1041","18","1283","2011-08-05 21:12:36"
"1042","53","335","1973-08-26 11:17:36"
"1043","70","232","2006-04-13 16:35:38"
"1044","63","1862","1994-02-13 17:34:03"
"1045","88","965","1990-11-26 10:06:34"
"1046","96","123","1971-04-07 18:26:12"
"1047","31","357","1977-12-27 15:44:15"
"1048","52","899","1971-11-26 06:46:38"
"1049","10","1839","2009-02-03 02:35:18"
"1050","86","1807","2015-06-30 10:52:58"
"1051","3","185","2007-11-17 05:37:06"
"1052","16","1365","2016-02-11 09:25:42"
"1053","19","679","2005-08-11 08:50:54"
"1054","35","639","1996-08-06 23:05:09"
"1055","38","1110","2011-10-10 00:21:12"
"1056","41","744","2018-03-04 22:12:27"
"1057","16","676","1992-08-26 16:59:19"
"1058","14","1540","1992-12-15 16:12:12"
"1059","36","1354","1973-05-05 12:43:45"
"1060","61","1853","2008-06-19 02:26:53"
"1061","66","1930","1991-07-13 03:53:31"
"1062","34","1028","2014-01-12 16:25:36"
"1063","18","1457","2019-06-07 00:59:41"
"1064","16","1763","2007-09-19 08:51:43"
"1065","2","1268","1982-06-15 04:58:39"
"1066","7","1864","1993-07-10 16:06:54"
"1067","69","1758","1993-03-12 21:04:46"
"1068","3","1883","1983-10-09 01:05:17"
"1069","41","139","1993-04-07 23:20:01"
"1070","88","1560","2000-04-15 08:20:14"
"1071","96","1277","2007-02-25 21:14:28"
"1072","81","732","2006-07-29 05:11:42"
"1073","79","1040","2003-11-30 12:08:15"
"1074","40","1495","1989-11-22 00:26:46"
"1075","25","175","2008-11-13 22:57:48"
"1076","96","1021","1987-05-28 04:56:22"
"1077","11","1970","1988-06-03 22:08:22"
"1078","64","1983","1975-02-12 05:32:50"
"1079","3","797","2001-08-06 17:44:56"
"1080","24","1862","1994-04-19 21:13:25"
"1081","94","1422","1996-12-24 22:14:43"
"1082","93","302","1987-10-25 09:04:06"
"1083","58","135","1985-12-28 12:32:48"
"1084","15","1096","2021-09-29 05:54:01"
"1085","2","1257","1981-02-27 17:00:58"
"1086","76","1244","1989-02-19 08:00:35"
"1087","16","1563","2002-02-13 08:38:24"
"1088","88","1729","1991-06-12 01:54:07"
"1089","1","490","2016-11-22 03:21:26"
"1090","54","1236","2000-07-31 21:47:02"
"1091","58","153","2009-10-04 02:53:33"
"1092","71","449","1976-10-31 21:55:39"
"1093","18","745","2016-07-16 04:31:50"
"1094","46","966","2003-07-29 22:33:49"
"1095","53","668","2013-03-26 22:26:49"
"1096","10","1714","2000-02-17 07:33:26"
"1097","75","235","1997-08-05 02:29:13"
"1098","30","314","1972-05-08 12:11:53"
"1099","9","1211","1993-02-05 07:46:56"
"1100","93","232","1987-07-02 21:00:02"
"1101","74","453","1985-02-28 00:53:59"
"1102","47","805","1976-12-28 00:01:28"
"1103","91","143","2005-10-13 08:48:32"
"1104","37","1175","1982-06-14 13:26:21"
"1105","83","1097","2008-03-13 12:38:40"
"1106","88","1213","1986-06-07 09:38:09"
"1107","70","1773","1983-05-06 19:44:06"
"1108","66","1845","2013-04-27 15:38:39"
"1109","78","1345","2014-09-30 05:22:42"
"1110","7","495","1970-02-11 21:42:23"
"1111","76","215","1989-06-14 08:37:25"
"1112","65","379","2015-06-13 03:54:39"
"1113","97","255","2018-01-12 22:35:45"
"1114","8","165","1982-11-05 13:32:09"
"1115","31","1762","1988-03-04 16:06:27"
"1116","98","988","2017-03-08 18:27:41"
"1117","50","611","1979-11-04 23:14:53"
"1118","5","1439","1995-07-03 19:49:47"
"1119","34","1911","1994-05-19 03:07:05"
"1120","52","889","1990-06-15 07:29:21"
"1121","34","894","1975-03-05 10:06:25"
"1122","89","900","2007-05-26 07:19:27"
"1123","64","1748","1986-10-26 13:55:18"
"1124","35","216","1981-01-16 20:30:22"
"1125","24","1604","1971-01-20 11:52:31"
"1126","72","1253","1987-09-25 03:05:19"
"1127","32","1942","1996-01-20 19:51:32"
"1128","71","637","2019-11-16 10:25:39"
"1129","3","1259","2006-06-23 06:13:14"
"1130","87","1761","1987-03-27 16:44:38"
"1131","56","604","1987-09-07 14:33:14"
"1132","29","1219","1976-02-08 07:31:56"
"1133","33","1668","1974-06-17 10:22:36"
"1134","27","1602","2018-09-24 05:00:33"
"1135","99","1488","2010-06-19 07:31:46"
"1136","54","167","2000-06-30 18:52:24"
"1137","44","1295","1971-02-28 04:33:01"
"1138","17","43","1973-09-18 03:05:16"
"1139","94","564","1998-12-03 06:50:52"
"1140","52","1385","1998-09-10 00:10:21"
"1141","67","1654","1972-12-08 17:14:48"
"1142","82","1658","1985-06-26 16:02:50"
"1143","59","1134","1975-01-22 17:24:35"
"1144","15","1231","2017-03-13 12:25:06"
"1145","90","1269","2018-04-28 11:32:06"
"1146","49","570","2006-06-06 11:28:53"
"1147","11","1110","2009-09-06 04:42:50"
"1148","94","427","1971-08-08 18:01:51"
"1149","82","1457","1995-01-01 09:44:36"
"1150","37","1620","2008-09-06 22:56:20"
"1151","58","1268","2012-02-23 03:33:39"
"1152","18","1923","2010-04-26 19:20:58"
"1153","44","1882","1998-07-12 14:36:47"
"1154","27","1315","1978-12-22 07:29:40"
"1155","52","1725","2014-09-20 20:51:46"
"1156","73","1542","1977-10-10 17:22:09"
"1157","77","1863","1989-01-31 18:37:17"
"1158","47","494","1993-12-11 17:16:48"
"1159","25","1123","1983-03-11 18:56:06"
"1160","26","857","2017-08-27 16:44:56"
"1161","56","1237","2001-12-09 23:35:10"
"1162","32","1335","1985-07-07 18:04:51"
"1163","75","1121","1994-05-14 10:41:27"
"1164","49","76","1982-11-17 21:21:03"
"1165","4","1286","2004-06-19 01:49:12"
"1166","26","805","1972-01-07 21:47:53"
"1167","66","1794","2003-09-12 22:43:59"
"1168","89","1884","1987-07-19 03:37:31"
"1169","82","1604","1976-02-17 17:01:57"
"1170","23","586","2007-01-01 11:49:04"
"1171","92","1161","1977-12-20 07:02:45"
"1172","71","1219","2002-08-18 06:20:10"
"1173","65","419","1992-04-29 17:29:41"
"1174","24","805","2007-11-06 12:17:44"
"1175","80","317","1992-02-10 11:33:56"
"1176","71","1897","2001-08-31 02:00:46"
"1177","6","271","2013-08-07 10:25:13"
"1178","58","1913","1995-08-23 20:43:48"
"1179","57","1452","1983-05-02 18:07:28"
"1180","94","1436","1972-06-22 21:39:07"
"1181","67","1753","1985-01-07 23:11:05"
"1182","11","1037","1991-10-05 05:30:33"
"1183","75","1789","1980-04-30 06:54:00"
"1184","44","579","1982-07-03 13:33:16"
"1185","71","917","1986-02-03 16:58:10"
"1186","25","866","2002-04-29 17:38:48"
"1187","59","471","1970-07-27 15:54:10"
"1188","60","449","2013-01-05 14:12:59"
"1189","49","483","1981-04-19 05:00:40"
"1190","10","1930","1972-08-16 02:16:19"
"1191","56","875","1991-06-11 00:22:37"
"1192","99","1088","1975-02-11 09:25:11"
"1193","62","672","1975-07-22 14:46:11"
"1194","69","135","1982-03-24 10:07:36"
"1195","52","1087","1978-01-29 16:53:30"
"1196","80","247","2017-01-20 10:16:36"
"1197","98","1715","2002-04-24 16:00:13"
"1198","30","1149","1973-03-28 14:07:34"
"1199","38","1773","1978-02-18 20:26:44"
"1200","59","1862","1984-02-04 01:07:01"
"1201","19","1052","1992-01-05 10:37:10"
"1202","98","1","1999-09-03 17:28:09"
"1203","59","1538","2008-06-23 00:56:59"
"1204","63","406","1977-06-29 13:55:20"
"1205","25","1278","2010-03-05 20:43:16"
"1206","97","686","1994-11-08 20:54:35"
"1207","22","1069","1993-11-02 01:45:39"
"1208","74","1755","2014-07-20 21:18:17"
"1209","77","1604","1990-09-01 07:43:20"
"1210","39","1583","2012-03-10 20:11:46"
"1211","17","1205","2003-05-15 10:10:52"
"1212","4","42","2015-10-27 16:51:03"
"1213","72","761","1986-02-28 19:28:39"
"1214","58","1897","1987-09-13 16:28:16"
"1215","74","784","1991-11-19 03:06:29"
"1216","5","1813","1997-06-25 08:59:04"
"1217","51","1799","1987-09-13 12:29:09"
"1218","92","1469","1974-07-14 12:43:16"
"1219","15","1716","1972-12-04 08:36:28"
"1220","0","1493","2015-05-12 08:16:54"
"1221","84","1063","1973-11-02 03:15:34"
"1222","92","348","1996-08-28 01:10:50"
"1223","22","119","2020-03-10 22:18:20"
"1224","61","1059","1999-07-23 21:23:12"
"1225","31","1973","1992-06-21 17:55:01"
"1226","51","1228","2002-05-15 00:52:14"
"1227","45","123","1981-07-26 14:05:09"
"1228","1","1882","1999-01-31 17:45:18"
"1229","97","770","1984-05-12 18:08:34"
"1230","85","1624","2019-04-01 11:50:47"
"1231","2","126","1998-03-14 14:34:43"
"1232","2","1259","2009-04-11 08:09:12"
"1233","29","1978","1987-08-30 20:39:14"
"1234","7","1258","2003-03-31 06:35:36"
"1235","55","1726","2019-10-09 04:27:23"
"1236","12","126","2004-05-18 20:05:43"
"1237","56","586","2010-07-08 17:10:45"
"1238","85","74","2019-07-29 02:02:18"
"1239","61","469","1992-09-27 19:43:33"
"1240","28","762","1983-04-18 06:45:59"
"1241","51","1973","1995-07-24 01:54:52"
"1242","18","1230","1995-07-29 23:50:26"
"1243","13","863","2009-04-28 13:52:47"
"1244","14","1200","2017-10-05 22:26:32"
"1245","12","302","2020-03-26 17:20:00"
"1246","4","371","2002-05-26 09:23:47"
"1247","78","1087","2003-03-07 03:21:19"
"1248","45","181","2012-09-15 03:35:07"
"1249","34","1879","1994-09-28 09:00:07"
"1250","53","1908","1973-07-20 23:27:38"
"1251","47","55","1990-06-18 19:16:16"
"1252","47","62","1993-01-17 15:18:26"
"1253","86","325","1999-10-19 16:22:03"
"1254","88","1412","1996-11-23 11:16:15"
"1255","54","1446","1974-12-03 05:24:48"
"1256","66","1307","1983-08-27 12:10:25"
"1257","86","1309","2016-08-30 19:56:35"
"1258","32","1127","1999-10-14 17:02:27"
"1259","21","106","2001-03-27 11:51:16"
"1260","41","1741","1980-05-29 05:24:36"
"1261","89","1349","1981-07-08 01:22:15"
"1262","98","827","1976-05-03 16:50:44"
"1263","41","1770","2002-04-04 10:07:31"
"1264","16","505","1991-06-03 21:07:58"
"1265","88","24","2001-12-05 13:42:43"
"1266","14","466","2020-10-04 16:56:59"
"1267","95","359","1985-12-25 13:28:31"
"1268","93","237","2012-07-10 06:26:34"
"1269","73","506","2009-12-11 13:04:10"
"1270","27","78","1991-03-23 21:57:06"
"1271","71","1589","2011-01-11 02:14:03"
"1272","84","1392","1978-12-09 20:58:54"
"1273","88","804","1997-03-26 00:28:02"
"1274","44","1141","2010-04-20 00:29:23"
"1275","63","992","1995-06-24 10:49:58"
"1276","1","1483","1972-12-04 19:23:16"
"1277","83","1987","2010-06-16 18:46:30"
"1278","59","1663","1970-12-26 05:21:42"
"1279","62","905","1971-10-22 19:33:26"
"1280","20","987","2012-04-16 09:24:03"
"1281","80","1512","2017-09-16 20:13:52"
"1282","12","551","2011-05-23 17:19:16"
"1283","16","1457","1981-08-22 18:34:23"
"1284","16","772","1992-06-23 06:44:33"
"1285","47","1165","1991-05-23 09:53:17"
"1286","95","1063","1974-10-06 11:22:46"
"1287","74","1055","2006-08-22 11:02:29"
"1288","78","770","2005-04-14 19:47:51"
"1289","57","1853","1972-10-17 05:37:46"
"1290","68","1394","1991-06-09 13:35:15"
"1291","89","1538","2001-04-05 03:15:29"
"1292","58","1302","1986-01-27 07:22:45"
"1293","68","61","1985-04-09 03:50:16"
"1294","29","993","2021-06-26 12:39:41"
"1295","67","755","1984-08-22 07:18:23"
"1296","86","278","2005-05-29 00:04:32"
"1297","56","1228","2011-02-28 12:32:22"
"1298","70","554","1992-10-05 09:36:51"
"1299","15","327","1975-11-08 15:51:42"
"1300","49","1559","1985-12-03 05:23:22"
"1301","55","348","2002-11-26 04:31:23"
"1302","81","1699","2019-01-22 05:42:08"
"1303","19","222","1994-11-16 21:12:39"
"1304","16","1646","1971-02-05 17:03:07"
"1305","85","1477","2014-12-23 19:14:55"
"1306","8","1201","2009-03-12 09:58:00"
"1307","42","1584","2000-08-01 02:37:07"
"1308","17","322","2001-08-06 10:57:14"
"1309","43","1493","1973-03-27 21:20:03"
"1310","44","901","1984-04-09 21:47:29"
"1311","78","1261","2019-11-17 18:32:48"
"1312","83","1220","1981-07-27 19:11:26"
"1313","17","1679","2011-06-03 15:44:21"
"1314","39","270","2020-10-12 14:05:38"
"1315","36","135","1999-11-06 15:38:49"
"1316","24","607","1997-04-21 12:25:37"
"1317","94","1436","1997-07-12 04:28:51"
"1318","65","924","2004-12-13 22:18:11"
"1319","96","611","1989-06-25 13:04:50"
"1320","70","1162","2019-01-08 05:35:26"
"1321","48","1923","1971-11-02 05:31:31"
"1322","78","96","2005-04-17 12:16:47"
"1323","44","1785","1995-12-16 00:24:32"
"1324","81","1648","2013-07-14 03:22:37"
"1325","84","1285","2002-07-19 22:48:33"
"1326","3","1253","2011-02-14 07:42:56"
"1327","98","255","1988-01-22 22:40:39"
"1328","5","766","1986-05-30 10:47:22"
"1329","24","389","2003-04-03 06:05:00"
"1330","73","1335","2011-01-04 14:04:43"
"1331","62","540","1982-05-02 11:40:51"
"1332","44","1188","2008-10-21 19:07:16"
"1333","45","562","2007-10-02 04:12:22"
"1334","28","1027","2020-01-31 11:09:39"
"1335","13","1021","1975-03-30 13:47:35"
"1336","60","66","2020-08-01 12:40:41"
"1337","41","1471","2014-11-25 18:23:55"
"1338","40","767","2021-02-07 09:18:53"
"1339","58","425","2014-06-18 11:17:34"
"1340","56","1432","1982-04-20 02:06:48"
"1341","3","1853","2014-12-19 18:02:06"
"1342","61","1430","1972-11-08 18:07:32"
"1343","90","1694","2011-01-10 07:58:37"
"1344","83","1412","1995-02-05 23:55:40"
"1345","10","1863","1981-08-24 10:56:28"
"1346","69","159","1989-02-14 10:43:41"
"1347","54","823","2006-07-10 15:59:18"
"1348","32","110","2018-11-05 02:01:57"
"1349","52","1278","2006-12-18 17:09:59"
"1350","40","1295","1990-12-30 05:15:11"
"1351","57","1468","2008-11-21 09:31:29"
"1352","80","913","2021-08-07 13:11:07"
"1353","17","784","2016-06-07 02:15:48"
"1354","30","672","2011-01-24 04:55:23"
"1355","2","1610","1983-12-16 18:47:14"
"1356","9","1176","1991-04-14 11:29:29"
"1357","26","1316","1994-03-04 21:54:56"
"1358","53","782","1970-01-30 09:13:59"
"1359","74","1176","2000-08-24 22:21:25"
"1360","0","1530","2019-01-13 02:17:44"
"1361","37","772","2013-04-10 19:35:20"
"1362","34","1261","2003-07-13 17:49:43"
"1363","80","1412","1974-12-24 19:21:56"
"1364","28","1547","2007-10-16 02:18:22"
"1365","44","1107","2004-05-31 15:27:22"
"1366","65","290","1976-05-26 07:42:16"
"1367","56","1393","1974-11-04 11:31:59"
"1368","6","1420","2011-02-03 03:20:05"
"1369","81","490","1993-12-13 23:53:53"
"1370","36","1722","1979-05-10 09:07:22"
"1371","94","1696","2011-03-17 14:29:03"
"1372","76","1672","1970-06-10 05:25:21"
"1373","57","140","2010-06-23 04:32:39"
"1374","65","1393","1993-04-21 13:06:58"
"1375","29","857","1989-04-06 03:16:04"
"1376","0","21","2017-10-13 01:22:53"
"1377","17","762","2015-10-07 17:04:42"
"1378","41","1016","1980-02-11 00:05:56"
"1379","42","1189","1970-07-14 20:29:53"
"1380","90","398","1991-04-19 11:05:06"
"1381","82","1725","1981-09-07 09:29:38"
"1382","56","1123","1974-04-15 06:07:26"
"1383","94","455","1973-07-24 06:20:39"
"1384","59","1924","2018-10-01 22:36:14"
"1385","8","1678","1987-10-31 05:48:45"
"1386","52","1997","1977-07-16 20:31:18"
"1387","88","368","2000-08-08 11:35:07"
"1388","64","1255","1992-03-26 20:30:12"
"1389","44","945","2015-08-08 16:17:39"
"1390","29","922","2006-07-16 07:45:07"
"1391","86","1982","2007-06-28 00:03:26"
"1392","29","746","1972-10-22 21:41:58"
"1393","72","568","1999-04-20 16:59:09"
"1394","4","327","2013-11-05 03:25:18"
"1395","5","1415","1974-06-10 05:40:38"
"1396","30","850","2007-06-11 23:11:49"
"1397","49","483","1975-03-04 21:13:13"
"1398","7","453","1971-11-07 22:13:51"
"1399","19","1970","2005-02-27 02:21:24"
"1400","2","368","1989-11-30 13:33:30"
"1401","38","848","1999-02-03 20:19:05"
"1402","68","1665","1995-04-07 15:23:31"
"1403","8","625","1999-08-02 06:59:58"
"1404","24","1562","1975-08-17 08:56:23"
"1405","65","951","1991-11-30 07:53:42"
"1406","36","987","1989-06-27 09:57:51"
"1407","94","548","1999-05-10 13:45:43"
"1408","33","389","2002-08-24 01:28:54"
"1409","8","1923","1976-07-11 12:36:20"
"1410","92","1012","2015-12-31 23:36:40"
"1411","58","1777","2018-04-01 21:05:38"
"1412","53","1771","1970-01-18 16:11:40"
"1413","48","1157","1986-01-03 04:43:24"
"1414","42","24","1989-09-30 16:01:22"
"1415","64","861","1979-07-15 08:48:01"
"1416","95","311","1976-09-10 04:00:28"
"1417","70","1984","2013-03-27 20:42:00"
"1418","3","542","1991-05-23 22:27:26"
"1419","38","1283","1971-07-17 22:00:06"
"1420","63","430","2005-12-20 13:13:40"
"1421","22","1698","2021-01-04 05:57:20"
"1422","62","145","2015-01-04 08:38:19"
"1423","61","103","1991-04-12 19:13:16"
"1424","23","146","1984-03-16 08:33:14"
"1425","77","808","1970-03-19 05:34:02"
"1426","42","1034","1996-12-22 20:50:59"
"1427","65","900","1994-04-05 00:54:50"
"1428","32","827","2004-09-15 15:25:48"
"1429","52","244","1994-05-14 16:56:14"
"1430","2","16","1978-04-23 06:23:49"
"1431","82","1844","1984-02-16 00:19:18"
"1432","43","1090","1974-09-10 22:15:16"
"1433","5","1113","1978-04-28 01:14:04"
"1434","5","834","1980-11-29 20:23:11"
"1435","7","1473","2004-02-25 23:49:03"
"1436","85","922","2006-07-28 10:58:02"
"1437","66","1468","2004-08-10 15:57:48"
"1438","1","1318","1983-08-01 19:31:58"
"1439","67","166","1973-02-28 18:34:51"
"1440","65","457","1986-11-10 12:31:46"
"1441","76","1488","1983-08-14 10:24:16"
"1442","1","1582","1992-07-12 23:18:27"
"1443","26","533","1996-11-15 16:18:20"
"1444","43","1290","1992-05-07 12:29:58"
"1445","45","186","2013-09-23 14:17:32"
"1446","41","375","1992-02-27 03:01:01"
"1447","5","833","2001-07-13 13:16:46"
"1448","59","1606","1972-10-11 23:29:17"
"1449","37","1261","1996-08-03 13:19:04"
"1450","84","79","1984-01-18 21:58:35"
"1451","19","463","1985-03-07 14:59:32"
"1452","94","174","1985-08-01 20:05:01"
"1453","73","541","1971-03-09 18:12:29"
"1454","99","1087","1978-06-29 17:47:29"
"1455","15","1098","1975-03-21 05:17:19"
"1456","40","954","1978-11-27 12:55:19"
"1457","73","1691","1987-09-05 06:09:11"
"1458","42","1596","2019-10-28 00:08:52"
"1459","38","1121","1989-05-10 06:34:44"
"1460","33","317","1974-05-17 05:31:15"
"1461","89","391","2008-09-12 09:48:11"
"1462","93","338","2018-11-30 01:51:16"
"1463","35","463","1993-01-27 05:14:37"
"1464","27","1782","1981-11-02 10:11:40"
"1465","23","1505","1972-08-01 16:44:33"
"1466","32","1499","2014-08-06 09:42:05"
"1467","46","326","1981-06-02 22:32:22"
"1468","32","567","1981-11-19 14:46:19"
"1469","71","605","1972-01-14 03:55:53"
"1470","48","335","1986-02-04 03:15:24"
"1471","65","1101","1981-11-28 00:40:19"
"1472","58","638","2017-12-14 01:27:43"
"1473","76","1123","1981-10-11 03:18:28"
"1474","94","1505","2016-09-06 22:58:34"
"1475","68","935","1989-05-17 10:44:10"
"1476","4","746","2001-10-31 12:18:34"
"1477","7","893","2009-04-10 14:21:27"
"1478","42","902","1989-04-19 02:33:14"
"1479","97","52","1993-06-28 17:02:57"
"1480","99","88","1977-11-04 22:22:03"
"1481","70","712","1970-05-22 10:53:37"
"1482","38","257","1978-01-02 14:51:58"
"1483","72","335","1996-01-24 11:53:03"
"1484","82","1306","2008-08-23 07:16:08"
"1485","99","143","1994-08-05 08:34:42"
"1486","16","335","1986-10-19 18:38:33"
"1487","34","1799","2006-07-29 09:06:36"
"1488","71","1610","1972-03-17 09:59:44"
"1489","15","146","2000-07-14 14:01:21"
"1490","61","908","1982-05-06 12:56:27"
"1491","39","505","1991-04-04 13:05:50"
"1492","87","848","2009-08-29 01:39:28"
"1493","86","1055","1982-08-08 13:17:55"
"1494","39","757","1976-06-05 20:36:32"
"1495","5","606","2016-03-19 09:54:26"
"1496","26","134","1990-09-10 22:31:33"
"1497","0","1715","1999-05-21 17:26:00"
"1498","57","1247","1972-12-25 20:18:57"
"1499","1","1396","2006-10-30 11:01:51"
"1500","31","1853","1982-02-18 03:28:25"
"1501","44","971","1992-12-04 18:04:53"
"1502","84","339","1996-02-23 22:17:59"
"1503","20","940","1975-09-26 11:19:01"
"1504","5","1768","2001-07-04 02:25:06"
"1505","80","532","2012-02-14 08:55:34"
"1506","20","1328","2007-02-21 12:25:47"
"1507","19","1758","2004-09-09 05:01:42"
"1508","28","1619","2009-03-28 23:29:03"
"1509","28","719","2009-04-04 03:38:32"
"1510","56","1651","1980-04-14 17:11:45"
"1511","51","1475","2018-03-06 00:19:08"
"1512","2","888","1988-07-07 17:06:51"
"1513","32","1750","1975-12-17 22:00:24"
"1514","95","1234","1970-02-19 18:09:42"
"1515","18","8","1998-02-12 20:09:16"
"1516","46","824","1987-11-28 16:20:13"
"1517","53","824","2017-10-14 08:53:17"
"1518","92","386","1996-07-26 19:38:10"
"1519","51","1944","2009-10-28 09:28:52"
"1520","22","908","1995-09-01 19:36:07"
"1521","93","1515","1997-03-28 19:22:35"
"1522","61","508","2008-01-08 04:39:35"
"1523","68","334","2003-01-11 07:50:43"
"1524","86","61","2015-03-08 18:53:03"
"1525","19","539","1991-01-04 00:43:54"
"1526","20","426","1983-06-27 01:59:43"
"1527","25","1087","1979-11-22 19:58:48"
"1528","59","505","1973-08-31 00:05:58"
"1529","36","1884","2015-06-24 23:46:16"
"1530","95","744","2011-06-25 15:43:27"
"1531","14","1694","2015-04-15 15:09:56"
"1532","35","379","1978-09-08 04:57:16"
"1533","82","1893","1976-11-24 18:29:18"
"1534","77","839","2000-08-11 09:46:26"
"1535","94","1277","1973-09-20 08:44:55"
"1536","13","1864","1982-06-12 20:39:20"
"1537","84","914","2014-10-14 16:00:50"
"1538","61","979","1997-02-06 22:07:29"
"1539","81","657","1981-05-07 08:55:38"
"1540","31","130","2004-04-04 03:01:19"
"1541","17","228","2017-12-24 21:08:42"
"1542","46","1099","1981-07-13 02:57:26"
"1543","78","90","2013-06-12 16:08:09"
"1544","14","1251","1985-01-01 07:49:27"
"1545","42","817","2013-09-30 15:13:44"
"1546","85","1836","2013-10-02 05:45:52"
"1547","11","1751","1973-10-25 11:11:16"
"1548","46","524","1977-05-31 16:30:29"
"1549","56","751","2005-09-25 15:29:08"
"1550","70","1891","2009-12-26 16:57:59"
"1551","0","1539","2013-07-20 16:05:06"
"1552","82","271","2017-01-15 11:19:27"
"1553","22","1019","1981-07-31 22:46:59"
"1554","37","12","1981-04-18 15:24:42"
"1555","96","302","1974-08-04 14:02:59"
"1556","34","1439","1995-12-21 16:58:05"
"1557","82","1844","2021-08-14 10:24:44"
"1558","67","1730","2009-03-03 06:33:24"
"1559","32","1047","1989-04-26 10:07:49"
"1560","77","1080","1995-08-28 16:11:15"
"1561","60","398","1993-12-08 10:51:53"
"1562","20","277","1972-05-15 05:49:15"
"1563","95","1663","2013-05-24 10:19:55"
"1564","25","35","2003-08-26 02:06:46"
"1565","33","935","1986-01-05 16:14:43"
"1566","21","1592","2020-05-18 20:02:12"
"1567","55","1879","1973-06-13 09:51:39"
"1568","10","427","2010-06-09 15:01:23"
"1569","25","253","2005-02-11 23:03:32"
"1570","59","761","2015-10-17 13:19:04"
"1571","76","1583","2002-05-01 10:01:12"
"1572","69","753","2021-02-13 21:33:06"
"1573","37","167","1985-03-15 12:34:53"
"1574","60","1893","1990-11-14 07:42:09"
"1575","67","1344","2020-07-05 18:38:56"
"1576","72","901","1994-08-08 06:52:56"
"1577","77","1211","2018-11-15 06:03:34"
"1578","43","850","1985-12-26 18:56:07"
"1579","9","554","2010-11-15 06:38:43"
"1580","84","74","1972-03-05 02:56:39"
"1581","86","1880","1973-06-11 09:29:08"
"1582","92","1291","2000-05-08 04:12:43"
"1583","30","719","1999-04-10 03:34:40"
"1584","96","341","1994-05-27 20:25:55"
"1585","21","317","2008-01-08 20:11:54"
"1586","95","606","1996-05-10 08:13:32"
"1587","9","628","1989-08-23 06:05:22"
"1588","42","188","1973-09-09 04:18:39"
"1589","7","893","2013-03-03 15:44:09"
"1590","33","1079","1977-10-19 19:18:29"
"1591","40","271","1994-08-06 17:51:07"
"1592","2","1333","1972-01-13 16:50:12"
"1593","42","1258","1984-11-30 10:44:13"
"1594","14","760","1984-06-14 17:37:22"
"1595","47","351","2013-09-05 06:20:30"
"1596","25","1078","2011-07-08 12:21:13"
"1597","12","523","1991-10-14 14:38:28"
"1598","10","1277","1997-01-10 23:41:18"
"1599","67","1539","1980-06-24 08:12:30"
"1600","0","596","1991-06-06 21:07:11"
"1601","9","66","2012-04-12 22:46:14"
"1602","98","135","1982-07-09 23:15:23"
"1603","73","746","2001-06-07 20:32:19"
"1604","49","16","1982-02-25 06:11:59"
"1605","74","1483","1986-12-09 00:34:48"
"1606","57","777","1976-06-28 22:53:26"
"1607","58","1571","1996-09-13 20:35:02"
"1608","55","991","2006-09-13 22:44:40"
"1609","66","1559","1985-03-19 21:56:30"
"1610","73","359","1986-10-09 23:14:57"
"1611","50","599","1974-07-13 14:35:09"
"1612","40","1200","2020-01-29 01:24:20"
"1613","0","650","1994-12-11 15:07:16"
"1614","9","1066","1991-03-30 14:38:26"
"1615","92","1163","1980-09-08 09:06:55"
"1616","79","1333","1970-03-11 09:28:56"
"1617","7","1540","1974-11-23 13:58:28"
"1618","0","1903","1987-10-23 17:23:46"
"1619","27","942","1980-05-08 14:44:53"
"1620","21","800","1970-12-23 17:17:26"
"1621","69","949","1988-01-24 12:51:13"
"1622","14","1086","1995-06-13 20:41:51"
"1623","6","1651","1977-11-07 16:51:55"
"1624","71","21","1987-05-03 10:12:55"
"1625","49","469","1979-12-28 04:00:40"
"1626","33","1672","2020-03-16 03:18:12"
"1627","15","751","1971-05-14 13:09:42"
"1628","18","570","1970-10-27 02:35:31"
"1629","90","1692","1983-09-21 19:13:52"
"1630","57","786","1997-03-16 16:05:00"
"1631","82","1157","2000-09-26 22:19:32"
"1632","57","1324","2012-10-18 10:04:14"
"1633","48","740","1987-03-14 17:32:35"
"1634","68","389","2010-05-26 20:25:02"
"1635","56","852","2004-07-19 05:30:24"
"1636","44","583","1990-04-15 23:56:44"
"1637","47","1816","1986-08-14 19:11:43"
"1638","70","1894","1995-03-17 23:43:02"
"1639","19","630","1996-11-29 17:00:02"
"1640","98","782","1997-01-08 19:16:42"
"1641","32","281","1974-12-26 09:51:26"
"1642","42","1780","2007-01-03 02:37:33"
"1643","96","1602","2003-04-14 09:36:09"
"1644","95","593","2006-08-21 01:36:25"
"1645","51","495","2011-01-05 12:30:37"
"1646","51","827","1973-07-01 22:49:59"
"1647","92","77","1986-02-15 13:07:00"
"1648","51","615","1991-10-02 09:31:55"
"1649","37","1493","2016-01-12 10:31:23"
"1650","37","459","1998-08-26 11:02:39"
"1651","43","536","2015-05-03 11:42:40"
"1652","82","822","2019-12-28 17:12:14"
"1653","53","608","1994-06-11 20:00:31"
"1654","66","1352","1997-07-23 02:31:35"
"1655","96","919","1990-11-23 09:06:18"
"1656","38","1247","1983-07-18 02:23:58"
"1657","32","1047","2009-01-30 19:48:35"
"1658","11","971","1979-05-18 21:35:00"
"1659","23","1303","1979-04-29 03:29:27"
"1660","79","1099","1988-08-28 19:37:03"
"1661","55","326","1993-12-13 01:18:24"
"1662","55","835","1992-05-20 14:07:59"
"1663","78","705","1980-05-23 07:36:50"
"1664","87","55","2004-08-15 08:32:37"
"1665","90","1230","2013-09-16 22:49:54"
"1666","77","79","2021-03-10 01:15:30"
"1667","39","1704","1988-04-12 12:06:42"
"1668","90","634","2019-03-20 00:43:07"
"1669","80","548","1987-01-15 16:54:10"
"1670","63","42","1983-05-19 04:43:44"
"1671","4","1211","1972-07-04 02:27:58"
"1672","86","608","2012-03-09 21:22:10"
"1673","24","1782","2008-06-02 09:29:45"
"1674","86","954","1983-06-08 22:43:28"
"1675","51","1903","1977-01-10 17:58:31"
"1676","32","1763","1997-07-18 23:12:45"
"1677","64","595","1982-08-17 21:51:45"
"1678","48","720","1985-09-25 15:59:53"
"1679","81","1432","2012-11-01 02:04:00"
"1680","70","1892","2000-10-06 08:05:54"
"1681","71","1883","2019-09-19 22:34:22"
"1682","11","1801","1994-11-20 01:39:45"
"1683","42","894","2009-07-29 13:46:45"
"1684","26","414","2016-12-27 04:13:19"
"1685","24","722","1988-02-04 10:18:43"
"1686","66","768","2020-10-26 22:40:52"
"1687","25","1961","2021-05-13 07:21:23"
"1688","12","844","2002-11-12 03:43:07"
"1689","92","455","2010-06-15 17:26:59"
"1690","67","1871","2020-02-24 05:13:50"
"1691","88","881","1997-09-07 21:22:07"
"1692","71","422","1993-05-27 12:59:21"
"1693","4","143","1998-07-05 03:36:33"
"1694","48","1748","1976-10-04 02:50:17"
"1695","57","1668","1988-12-25 00:07:25"
"1696","88","324","1996-03-23 17:30:48"
"1697","24","160","1979-04-12 17:09:21"
"1698","68","1021","2003-02-10 21:47:56"
"1699","58","1648","1985-05-17 21:33:55"
"1700","51","16","1975-12-28 21:57:04"
"1701","70","1584","1981-06-19 03:58:42"
"1702","16","1110","1972-02-28 22:21:29"
"1703","34","1892","1980-08-18 10:07:15"
"1704","73","1439","2009-05-04 21:47:10"
"1705","70","1761","1984-04-15 12:20:17"
"1706","62","205","1992-05-05 17:36:50"
"1707","97","595","1989-02-05 18:38:03"
"1708","90","888","1994-01-07 19:36:41"
"1709","63","1883","1991-10-27 05:13:50"
"1710","29","691","2001-03-25 11:43:18"
"1711","50","1924","2011-04-06 09:24:29"
"1712","79","1646","1998-03-05 02:18:04"
"1713","33","1255","1994-11-23 19:12:16"
"1714","22","215","1981-08-13 10:10:03"
"1715","93","1032","1999-01-21 17:15:35"
"1716","9","257","2015-11-27 02:41:57"
"1717","7","380","1995-10-17 15:53:09"
"1718","25","1818","2012-08-28 22:44:00"
"1719","16","1070","1970-09-14 04:33:21"
"1720","55","1895","1972-08-16 21:34:25"
"1721","90","1440","1988-02-19 08:48:03"
"1722","36","1269","1982-10-26 18:56:26"
"1723","70","1801","1991-06-04 22:35:47"
"1724","29","863","2004-12-02 00:42:01"
"1725","49","158","2021-08-13 14:32:24"
"1726","63","1753","2020-09-20 01:02:41"
"1727","54","145","1978-03-07 07:48:28"
"1728","76","1140","2014-01-27 12:41:03"
"1729","64","1342","1998-11-08 06:39:36"
"1730","74","877","2014-05-12 16:05:04"
"1731","73","279","1979-05-18 14:33:20"
"1732","12","1299","1997-10-10 02:57:42"
"1733","29","1477","2021-10-18 09:50:38"
"1734","49","647","2004-05-09 21:02:08"
"1735","99","615","2000-03-30 05:53:22"
"1736","16","877","1979-03-09 04:55:12"
"1737","43","1654","1979-10-07 00:00:55"
"1738","13","992","1973-04-11 00:12:42"
"1739","55","1515","1978-06-23 07:52:49"
"1740","87","551","1990-07-11 16:26:01"
"1741","59","1646","1990-08-01 00:17:03"
"1742","94","462","2001-04-14 00:42:49"
"1743","22","919","1991-04-26 03:35:42"
"1744","18","273","1974-06-14 15:12:36"
"1745","70","1090","2018-11-03 11:14:01"
"1746","44","1978","1976-09-11 17:18:53"
"1747","79","248","2010-12-28 19:42:03"
"1748","3","569","2010-07-17 12:22:37"
"1749","0","87","1993-03-26 21:47:25"
"1750","83","278","1994-03-03 22:18:41"
"1751","6","47","2019-06-10 01:14:29"
"1752","0","224","2003-11-15 02:07:44"
"1753","63","1755","2003-04-05 00:03:17"
"1754","50","311","1979-04-29 12:49:53"
"1755","66","1199","2003-01-03 21:52:30"
"1756","63","459","1990-05-29 13:20:43"
"1757","35","1547","2000-04-21 09:01:45"
"1758","87","1107","1985-11-28 01:47:48"
"1759","66","1624","1971-09-02 15:09:15"
"1760","73","159","2017-06-25 03:55:58"
"1761","66","355","2002-12-09 08:05:06"
"1762","48","1040","2005-01-16 10:09:49"
"1763","66","1426","2019-05-16 17:04:28"
"1764","12","746","1991-12-11 18:53:43"
"1765","43","1264","2014-09-10 17:02:44"
"1766","55","1619","2013-02-19 18:19:41"
"1767","18","706","1976-08-19 01:57:53"
"1768","9","683","1972-09-20 18:58:35"
"1769","80","1794","1989-07-11 08:30:26"
"1770","62","1493","2000-03-30 10:25:04"
"1771","73","421","2008-02-10 10:42:18"
"1772","13","1770","1988-11-05 02:24:26"
"1773","40","1647","2021-01-21 19:04:34"
"1774","20","1107","1981-05-21 00:58:05"
"1775","92","43","1989-03-07 17:50:49"
"1776","55","416","2016-11-15 05:42:14"
"1777","93","1471","1971-02-20 16:04:52"
"1778","19","66","1993-04-24 20:03:21"
"1779","28","794","2000-12-01 21:19:17"
"1780","92","762","2015-02-11 09:17:33"
"1781","55","1161","1979-03-25 05:14:52"
"1782","56","449","1981-09-26 04:52:46"
"1783","15","110","2008-07-13 20:42:25"
"1784","72","1675","1988-10-30 01:18:26"
"1785","51","961","2000-03-16 06:07:11"
"1786","88","1080","2018-01-10 18:59:23"
"1787","0","1794","1979-10-13 04:42:30"
"1788","73","1412","1998-10-10 09:47:33"
"1789","50","1973","2006-10-25 12:54:26"
"1790","85","567","2019-08-26 08:22:36"
"1791","82","1242","1975-07-10 07:33:06"
"1792","91","745","2010-12-24 02:08:28"
"1793","59","1879","1975-10-23 22:41:09"
"1794","60","235","2016-11-24 06:44:26"
"1795","23","77","2009-12-03 01:26:45"
"1796","42","326","2010-04-19 23:54:23"
"1797","99","1460","2007-04-30 10:45:50"
"1798","17","1365","1971-10-14 04:16:46"
"1799","87","114","2008-02-11 13:03:10"
"1800","93","1698","1977-10-27 11:25:41"
"1801","30","396","1999-01-27 12:26:03"
"1802","27","1912","2000-04-01 19:28:11"
"1803","55","15","1976-06-13 09:45:42"
"1804","27","1650","2014-01-22 05:05:08"
"1805","85","1460","1978-04-19 13:44:59"
"1806","6","195","2009-03-03 01:14:17"
"1807","7","1976","1995-07-21 15:48:52"
"1808","84","850","2020-06-18 16:42:59"
"1809","66","1897","1970-09-07 11:52:14"
"1810","25","1597","1990-04-03 18:30:10"
"1811","68","1016","1975-08-14 22:23:00"
"1812","49","660","1981-10-26 19:29:55"
"1813","83","879","2005-12-04 21:04:12"
"1814","62","457","2007-10-10 05:15:14"
"1815","31","1160","2011-04-14 19:08:36"
"1816","1","352","1975-04-14 21:58:56"
"1817","37","766","1988-10-24 08:10:41"
"1818","95","1445","1980-05-01 02:14:56"
"1819","53","818","2019-02-12 05:23:11"
"1820","93","1836","1982-08-06 06:26:06"
"1821","34","1696","1988-04-07 15:40:36"
"1822","5","1597","2014-02-11 12:14:13"
"1823","67","759","2020-03-29 06:23:17"
"1824","6","1083","2013-08-02 09:42:23"
"1825","13","1488","1992-09-13 07:45:47"
"1826","28","8","2013-02-01 23:06:13"
"1827","14","245","2013-07-11 10:02:40"
"1828","16","1595","1986-07-01 00:27:35"
"1829","36","1264","2009-12-25 05:00:16"
"1830","98","1679","2020-02-06 20:14:35"
"1831","78","599","1987-03-03 22:18:52"
"1832","56","712","1995-04-08 17:53:14"
"1833","29","1906","1975-05-10 13:03:33"
"1834","87","536","2021-10-18 01:03:45"
"1835","84","666","1990-10-01 21:42:30"
"1836","42","0","1973-04-12 04:39:06"
"1837","68","1237","2016-03-15 07:03:21"
"1838","41","462","2001-06-20 14:53:22"
"1839","87","1660","2019-09-14 07:58:08"
"1840","59","1538","2019-06-12 20:01:44"
"1841","37","608","1977-05-31 16:24:09"
"1842","40","970","1972-11-18 01:15:21"
"1843","40","1511","1984-01-28 17:33:30"
"1844","82","62","1970-10-15 01:28:57"
"1845","45","751","1994-04-26 05:03:49"
"1846","41","567","1994-08-11 15:03:46"
"1847","16","1593","1988-03-13 23:59:14"
"1848","77","1705","1980-07-17 18:50:56"
"1849","21","235","2018-05-22 16:15:29"
"1850","41","783","1974-11-13 03:12:04"
"1851","51","1530","2004-10-21 22:35:15"
"1852","82","308","1999-11-20 23:03:17"
"1853","39","1982","2013-10-01 17:52:53"
"1854","9","1648","1982-01-30 22:14:31"
"1855","40","703","2021-09-14 19:32:11"
"1856","51","541","2002-02-05 21:23:27"
"1857","5","1396","1978-06-26 18:18:01"
"1858","86","788","1993-05-13 04:18:10"
"1859","56","1626","1978-10-10 21:10:41"
"1860","56","523","1973-08-06 03:54:42"
"1861","97","888","1989-01-06 10:19:33"
"1862","89","1762","1994-07-04 02:28:10"
"1863","1","658","1988-02-12 20:01:55"
"1864","91","888","2014-08-22 18:59:27"
"1865","92","798","1993-05-21 20:33:22"
"1866","19","1362","1999-01-24 15:35:29"
"1867","71","1961","2006-08-26 22:16:19"
"1868","63","1893","2011-10-02 02:32:29"
"1869","2","1632","2020-08-14 14:15:18"
"1870","85","1799","1982-05-12 16:31:08"
"1871","48","1477","2018-05-19 21:34:18"
"1872","1","995","2006-01-13 00:32:30"
"1873","54","1289","2000-08-22 23:05:27"
"1874","29","455","2018-04-04 18:33:14"
"1875","58","900","2001-03-16 12:07:58"
"1876","27","666","1991-12-11 22:51:22"
"1877","85","482","1975-11-26 22:22:22"
"1878","97","812","1989-05-22 20:27:24"
"1879","84","523","1980-02-07 09:04:53"
"1880","53","419","2010-08-13 02:55:16"
"1881","97","1679","1981-06-03 17:19:40"
"1882","46","186","2005-04-08 18:21:22"
"1883","78","89","1999-02-17 10:15:55"
"1884","1","487","2002-11-18 22:24:18"
"1885","51","1086","1971-06-02 06:47:13"
"1886","34","1654","1984-05-27 18:59:01"
"1887","10","660","1981-08-13 17:42:18"
"1888","53","90","1990-10-31 18:14:44"
"1889","98","277","1997-08-04 18:05:03"
"1890","22","1726","1984-11-04 06:41:09"
"1891","77","647","2008-01-06 15:42:08"
"1892","80","527","2010-08-08 18:29:26"
"1893","64","1512","2006-12-04 01:42:42"
"1894","49","1679","1977-09-13 03:05:41"
"1895","54","1483","1990-02-04 08:43:31"
"1896","64","153","1982-08-11 09:48:43"
"1897","61","1121","1974-12-10 04:34:32"
"1898","1","966","2020-05-11 15:45:54"
"1899","35","633","1973-12-23 20:23:34"
"1900","80","1397","2021-04-28 13:15:08"
"1901","6","1191","1989-05-02 14:27:43"
"1902","1","1775","1988-04-09 12:56:51"
"1903","2","834","1998-09-14 20:25:37"
"1904","14","1542","1978-11-30 14:44:08"
"1905","96","405","1988-12-24 08:57:52"
"1906","61","237","2010-04-27 05:58:30"
"1907","20","297","2003-05-18 00:30:24"
"1908","15","1499","2004-01-02 13:45:00"
"1909","94","1432","2008-04-13 16:55:21"
"1910","78","185","2010-02-02 13:26:35"
"1911","44","1980","2011-05-08 03:10:08"
"1912","30","1200","2006-05-23 07:04:40"
"1913","16","753","2006-12-31 02:31:57"
"1914","55","744","2007-02-15 21:02:00"
"1915","34","1777","1998-02-06 01:14:06"
"1916","96","1394","2019-01-15 12:17:42"
"1917","26","802","1993-06-25 16:41:54"
"1918","40","297","1994-06-20 19:36:29"
"1919","57","159","1991-05-09 21:38:03"
"1920","22","1300","2006-11-06 10:05:23"
"1921","35","69","1999-02-02 08:34:29"
"1922","20","290","2016-11-16 05:36:05"
"1923","50","494","2019-11-24 22:52:29"
"1924","10","1656","2001-10-18 14:29:08"
"1925","30","1845","1996-05-21 23:09:47"
"1926","96","1099","2013-11-18 00:07:44"
"1927","87","962","1993-04-16 14:27:16"
"1928","4","1426","2000-07-22 13:31:07"
"1929","94","1894","2011-07-15 02:16:21"
"1930","28","804","2011-10-31 01:53:53"
"1931","30","549","1999-10-08 22:24:21"
"1932","44","1313","1987-10-03 23:40:39"
"1933","95","1864","2005-01-06 19:33:01"
"1934","0","1814","2000-03-26 16:55:26"
"1935","88","339","2009-04-02 11:54:18"
"1936","30","1962","2012-01-28 00:55:40"
"1937","98","1767","1989-04-21 12:07:17"
"1938","14","1180","1983-11-24 22:52:25"
"1939","44","1924","2006-09-02 23:37:05"
"1940","39","247","2012-06-01 10:26:19"
"1941","54","1413","1970-03-04 08:57:24"
"1942","85","802","1982-08-31 17:19:09"
"1943","95","246","1992-05-05 16:49:25"
"1944","72","123","2006-04-06 01:10:13"
"1945","38","805","2009-08-05 04:45:56"
"1946","57","712","1971-03-30 09:46:25"
"1947","52","232","2013-06-08 20:50:28"
"1948","75","242","1989-06-12 04:26:12"
"1949","49","490","2011-07-17 12:19:30"
"1950","39","908","1990-05-26 12:50:07"
"1951","21","652","2020-11-24 15:46:46"
"1952","96","1460","2003-11-13 09:20:21"
"1953","90","1028","2003-09-19 07:14:36"
"1954","50","1170","1980-08-01 02:22:26"
"1955","6","668","2013-06-11 22:16:41"
"1956","40","1556","1999-09-20 12:36:50"
"1957","63","103","2012-09-16 16:04:04"
"1958","71","1131","2010-01-07 10:52:11"
"1959","43","693","2007-01-27 06:03:03"
"1960","0","1444","1976-09-03 15:23:28"
"1961","81","549","1980-02-16 14:18:09"
"1962","10","823","1988-03-19 10:32:10"
"1963","84","351","2019-09-14 14:59:31"
"1964","55","560","1999-07-04 18:05:48"
"1965","97","1606","2001-04-12 13:58:11"
"1966","30","419","1982-08-07 04:48:11"
"1967","94","70","1977-04-24 15:23:47"
"1968","6","1242","2002-12-12 15:59:46"
"1969","1","1287","2014-03-29 15:58:15"
"1970","63","1864","1977-08-07 15:09:33"
"1971","36","150","1983-01-02 14:01:46"
"1972","81","1363","2002-05-21 16:33:03"
"1973","1","1916","2011-09-18 15:28:57"
"1974","54","615","2003-07-04 05:19:24"
"1975","30","829","2019-03-13 22:49:49"
"1976","16","1132","2006-06-21 07:46:33"
"1977","24","1047","1982-02-06 22:07:19"
"1978","80","1236","1977-11-04 21:38:17"
"1979","9","1835","1988-12-26 01:46:10"
"1980","36","449","1990-04-17 10:54:16"
"1981","3","829","2007-07-17 05:16:24"
"1982","85","637","2017-08-07 23:51:15"
"1983","83","631","1999-01-05 21:04:15"
"1984","44","805","1996-11-23 06:14:22"
"1985","21","1059","1986-10-25 12:05:19"
"1986","51","1320","1991-08-12 18:03:56"
"1987","48","1976","1979-04-13 23:32:39"
"1988","15","1019","1999-09-19 21:27:41"
"1989","41","1815","2000-11-27 06:23:07"
"1990","10","1485","2016-12-24 23:36:34"
"1991","59","57","1999-08-08 21:16:31"
"1992","59","672","2008-06-24 21:21:34"
"1993","64","1976","2008-01-21 00:50:34"
"1994","83","123","2018-09-15 21:00:46"
"1995","74","1928","1975-12-14 17:31:21"
"1996","15","1269","2021-03-04 23:16:13"
"1997","0","1052","1991-11-20 23:41:12"
"1998","17","387","1979-11-10 21:12:58"
"1999","82","1016","2014-06-26 07:54:27"
"2000","78","543","2018-01-05 19:31:13"
"2001","80","583","1971-03-18 07:03:55"
"2002","11","948","1998-05-05 18:00:20"
"2003","90","277","2018-07-28 00:22:14"
"2004","61","120","1976-01-24 08:16:53"
"2005","14","160","1971-08-21 00:45:46"
"2006","66","1818","1999-09-20 02:55:37"
"2007","40","175","1970-10-14 00:33:59"
"2008","27","1463","1978-01-16 02:54:42"
"2009","13","901","1989-05-22 19:13:39"
"2010","76","539","1980-12-24 11:50:45"
"2011","60","341","1999-05-06 22:42:34"
"2012","66","771","1986-02-12 09:42:27"
"2013","86","397","1998-09-24 21:10:31"
"2014","11","1751","1975-03-15 21:07:59"
"2015","23","1237","2019-09-04 22:06:14"
"2016","39","245","1997-06-11 09:14:03"
"2017","32","374","1984-12-27 04:08:28"
"2018","57","1801","1980-05-08 17:13:36"
"2019","86","1176","1976-10-15 10:05:17"
"2020","1","873","1972-09-18 04:08:32"
"2021","92","1550","1970-07-29 03:00:13"
"2022","45","1298","2009-02-07 03:46:18"
"2023","47","512","1986-03-21 23:19:24"
"2024","45","1027","2011-04-26 10:22:23"
"2025","18","287","1989-02-17 16:40:11"
"2026","37","1770","1987-10-08 03:05:56"
"2027","37","1894","1983-12-17 08:37:57"
"2028","50","257","1980-12-18 18:53:58"
"2029","79","1696","1993-08-07 15:38:54"
"2030","79","1919","1973-09-27 05:52:20"
"2031","10","541","1993-11-04 19:52:16"
"2032","91","1098","1983-03-21 20:38:43"
"2033","59","1116","2007-05-29 10:28:58"
"2034","37","1916","1976-05-13 20:48:54"
"2035","50","1385","1978-08-16 09:49:54"
"2036","96","717","1998-09-06 02:10:10"
"2037","75","1378","1985-12-29 01:06:02"
"2038","64","736","1996-01-21 21:49:21"
"2039","86","139","2018-02-01 08:24:24"
"2040","73","1741","1970-09-04 06:41:55"
"2041","13","1385","2009-12-06 13:52:36"
"2042","54","1440","2005-04-09 17:21:15"
"2043","17","987","1987-07-15 22:14:39"
"2044","51","1691","2001-08-23 08:07:03"
"2045","20","505","1992-02-15 16:46:04"
"2046","89","1429","2017-03-12 20:00:19"
"2047","41","256","1993-05-28 16:30:10"
"2048","11","1944","2001-12-17 02:15:48"
"2049","7","1034","2004-12-26 17:26:56"
"2050","64","1211","2018-03-14 22:45:31"
"2051","95","262","2011-10-24 15:43:29"
"2052","38","334","1982-02-06 21:12:38"
"2053","63","1882","1982-08-16 05:54:39"
"2054","53","1592","1987-08-21 19:10:17"
"2055","28","823","1977-09-08 19:04:16"
"2056","47","556","2002-04-03 06:01:43"
"2057","80","1556","1989-06-16 16:54:22"
"2058","59","248","2019-03-14 13:55:45"
"2059","8","829","2008-06-28 19:37:35"
"2060","26","540","2000-06-29 00:51:50"
"2061","66","948","2009-11-20 22:27:43"
"2062","34","798","1974-09-18 04:17:16"
"2063","25","1411","1990-03-31 10:51:58"
"2064","53","1408","1973-11-17 21:58:02"
"2065","82","1477","1997-05-11 07:17:41"
"2066","86","372","1984-06-09 16:28:01"
"2067","13","817","1988-08-04 16:09:15"
"2068","95","1583","1971-02-14 01:50:06"
"2069","93","1690","1974-07-13 21:13:54"
"2070","4","1385","1991-03-24 01:23:45"
"2071","77","1780","2004-05-22 22:48:05"
"2072","33","822","2001-08-18 12:14:29"
"2073","45","683","1970-12-17 18:25:19"
"2074","56","397","1986-03-13 11:37:36"
"2075","13","1914","2016-04-20 15:32:34"
"2076","78","1724","2020-03-29 03:33:36"
"2077","92","379","1975-03-07 14:36:22"
"2078","4","297","2009-12-18 15:53:00"
"2079","26","1248","1976-10-17 08:52:58"
"2080","72","1394","1977-05-31 18:39:49"
"2081","78","594","1985-12-30 13:51:28"
"2082","58","1892","2013-03-01 14:13:17"
"2083","93","918","2007-12-31 15:34:51"
"2084","78","1179","1994-10-03 16:23:56"
"2085","34","566","1994-06-12 10:17:20"
"2086","46","1294","1972-01-27 17:07:04"
"2087","52","1363","2021-01-03 14:20:22"
"2088","93","745","2020-12-07 12:30:48"
"2089","40","8","2007-04-30 20:18:41"
"2090","3","1251","1981-08-29 16:32:41"
"2091","13","627","1988-03-02 21:39:39"
"2092","96","1564","1984-03-31 22:55:38"
"2093","93","1290","2018-03-31 20:56:50"
"2094","38","406","2010-02-11 21:49:07"
"2095","99","501","2020-08-20 11:35:37"
"2096","7","1724","1979-12-05 02:31:16"
"2097","79","287","1998-03-21 00:11:15"
"2098","14","372","2001-04-06 18:43:00"
"2099","45","1722","1987-07-10 22:15:44"
"2100","48","1436","1993-02-13 08:03:53"
"2101","39","1237","2006-02-23 21:42:15"
"2102","98","426","1993-07-01 22:08:43"
"2103","95","1363","2006-08-29 04:48:02"
"2104","51","532","1985-01-04 05:01:29"
"2105","58","141","2006-03-15 16:20:58"
"2106","75","278","1975-01-09 11:23:23"
"2107","73","1054","1986-11-15 00:14:12"
"2108","66","1992","1970-04-12 02:43:53"
"2109","72","1701","1979-02-02 21:30:35"
"2110","91","544","2019-01-23 09:33:21"
"2111","0","1113","1993-11-13 10:59:54"
"2112","2","188","2007-12-15 18:01:23"
"2113","13","41","1980-01-22 22:27:09"
"2114","63","666","2010-12-26 00:55:26"
"2115","48","387","2009-12-06 21:36:52"
"2116","46","887","1988-04-01 22:06:44"
"2117","5","1028","1992-09-13 19:15:42"
"2118","42","954","2002-11-23 11:42:15"
"2119","40","74","2019-08-13 10:04:31"
"2120","38","1534","1996-09-27 00:46:51"
"2121","94","1771","2001-02-06 11:24:07"
"2122","41","540","1992-04-24 15:17:17"
"2123","33","1150","2013-06-28 13:05:44"
"2124","12","1411","1982-02-24 11:30:46"
"2125","48","1285","1997-09-22 11:06:22"
"2126","54","1438","2005-05-20 06:18:07"
"2127","95","463","2012-06-09 14:52:57"
"2128","27","755","2010-11-08 06:38:13"
"2129","69","513","1983-07-17 08:06:27"
"2130","53","66","1983-07-09 21:06:03"
"2131","36","1054","1984-08-13 01:19:17"
"2132","86","1086","2004-12-17 04:23:57"
"2133","25","700","1992-10-20 05:17:44"
"2134","52","1353","1970-06-08 20:22:42"
"2135","1","1319","2013-08-16 03:04:51"
"2136","60","1721","2018-12-04 07:11:26"
"2137","47","1213","1977-09-05 19:47:13"
"2138","53","1987","1996-09-12 23:32:27"
"2139","43","1860","2010-11-15 06:15:58"
"2140","89","993","1970-12-05 14:15:05"
"2141","22","350","1979-05-28 07:19:35"
"2142","48","1157","2017-03-14 19:07:16"
"2143","87","1236","1973-07-23 05:41:27"
"2144","47","672","1990-01-23 13:59:29"
"2145","14","201","2008-08-28 11:48:19"
"2146","12","563","1970-07-19 12:28:24"
"2147","66","1290","1999-09-28 16:46:24"
"2148","51","245","2012-01-23 03:40:03"
"2149","88","189","1990-04-17 15:27:56"
"2150","85","761","1977-09-07 17:19:57"
"2151","46","919","2020-07-05 02:40:55"
"2152","50","430","2004-07-18 08:35:57"
"2153","52","328","1997-06-10 02:50:42"
"2154","18","1389","1996-08-12 03:48:08"
"2155","89","608","1987-02-27 04:47:20"
"2156","85","548","1973-02-14 23:03:05"
"2157","92","834","1986-11-30 17:39:09"
"2158","7","1725","1995-09-24 21:36:06"
"2159","22","1449","1996-02-12 08:00:41"
"2160","48","471","1976-06-03 05:15:16"
"2161","27","50","2020-06-15 21:17:13"
"2162","90","569","2003-01-22 00:05:47"
"2163","25","1722","1977-06-20 22:51:33"
"2164","75","312","2004-02-20 07:22:24"
"2165","40","89","2009-01-21 20:40:07"
"2166","86","547","1972-11-09 01:20:45"
"2167","13","647","1971-09-28 11:30:51"
"2168","21","1780","1984-03-22 21:57:45"
"2169","41","490","2015-04-18 23:17:08"
"2170","25","672","1975-11-22 17:45:58"
"2171","29","1487","2016-02-14 19:39:07"
"2172","75","1949","1970-02-16 19:05:35"
"2173","34","1892","2015-05-30 05:03:05"
"2174","82","1494","1979-01-11 18:29:14"
"2175","93","347","2012-08-23 00:58:29"
"2176","49","1873","1974-12-13 22:02:03"
"2177","79","1161","1996-03-18 04:06:16"
"2178","52","103","1986-02-21 01:53:39"
"2179","26","1815","1982-06-16 06:28:16"
"2180","68","1838","1995-01-10 19:30:27"
"2181","51","1309","1996-08-09 05:52:32"
"2182","9","583","1974-05-21 07:42:41"
"2183","86","1429","1971-03-17 23:38:15"
"2184","69","1394","2016-04-23 09:22:03"
"2185","51","1906","1995-03-19 20:20:35"
"2186","32","72","1999-09-22 23:44:15"
"2187","13","1020","1990-10-29 09:41:48"
"2188","1","536","2004-12-12 19:36:27"
"2189","8","1085","1999-04-07 08:28:11"
"2190","37","1983","1999-11-09 14:21:06"
"2191","46","1436","1975-06-20 10:56:20"
"2192","87","287","1976-03-26 20:46:36"
"2193","37","1798","1972-01-28 13:23:46"
"2194","44","1780","1990-09-20 09:24:07"
"2195","97","812","2011-12-21 21:37:13"
"2196","57","50","1988-03-29 16:44:15"
"2197","5","918","1987-03-18 21:46:14"
"2198","14","205","2020-06-12 20:37:19"
"2199","75","1176","2011-03-06 00:31:42"
"2200","93","1668","2009-07-08 04:04:54"
"2201","26","1746","2013-08-11 23:55:39"
"2202","64","1796","2013-05-26 00:16:52"
"2203","94","801","2017-06-17 17:19:55"
"2204","55","808","2007-02-25 18:31:12"
"2205","4","46","1979-06-27 02:38:14"
"2206","63","321","2000-05-02 16:30:21"
"2207","17","759","1977-02-21 13:36:02"
"2208","52","391","1990-08-10 17:00:24"
"2209","20","1457","1984-08-18 22:24:46"
"2210","47","724","2020-04-08 07:38:44"
"2211","52","1334","2016-07-05 16:42:15"
"2212","58","1085","1971-08-30 22:08:46"
"2213","20","990","2010-07-29 16:42:07"
"2214","71","348","1991-03-07 18:56:26"
"2215","98","355","2019-03-12 07:56:33"
"2216","56","790","1980-08-08 13:59:06"
"2217","35","501","1970-12-22 11:51:15"
"2218","1","1799","1997-06-26 15:09:16"
"2219","35","405","1993-09-24 17:34:25"
"2220","60","863","1980-08-17 12:24:50"
"2221","56","1134","2021-04-12 22:48:26"
"2222","30","1195","2003-04-02 11:52:09"
"2223","12","1911","1971-05-06 22:08:11"
"2224","78","795","1982-06-22 20:23:21"
"2225","3","281","2009-05-11 09:58:38"
"2226","83","437","1973-03-10 16:01:48"
"2227","69","494","1974-02-27 11:53:04"
"2228","57","1755","1998-10-26 03:58:24"
"2229","5","1426","2020-08-03 23:58:24"
"2230","63","792","1970-03-27 18:38:10"
"2231","80","1512","2005-04-27 22:55:27"
"2232","94","1807","1984-12-01 05:53:15"
"2233","83","1700","1980-10-26 22:25:40"
"2234","24","744","2019-07-23 10:30:13"
"2235","8","1052","1987-11-08 21:36:05"
"2236","47","1970","1973-06-14 05:29:53"
"2237","71","1562","1982-07-10 07:10:33"
"2238","0","682","2004-06-23 06:22:11"
"2239","68","1096","1973-05-01 18:49:17"
"2240","14","1234","1974-06-07 10:47:42"
"2241","41","47","1973-10-13 11:18:46"
"2242","54","1344","1992-06-24 03:36:51"
"2243","30","1916","2016-05-24 12:55:54"
"2244","46","819","1970-03-31 17:25:52"
"2245","83","408","2000-04-24 05:06:24"
"2246","44","1556","1979-09-01 02:50:33"
"2247","95","761","1999-12-26 14:25:31"
"2248","57","753","2002-06-16 05:03:09"
"2249","19","1306","1992-07-21 02:35:22"
"2250","95","1364","2014-04-06 20:13:30"
"2251","74","1331","2011-10-15 03:03:41"
"2252","90","1488","1994-04-19 19:42:42"
"2253","67","919","1982-03-20 18:47:54"
"2254","88","957","2016-03-04 13:39:54"
"2255","61","1098","1985-09-13 19:54:02"
"2256","1","114","1998-11-05 03:12:53"
"2257","2","1596","1978-08-14 18:41:43"
"2258","63","1413","1985-02-28 03:27:22"
"2259","44","921","1970-03-07 11:40:13"
"2260","20","736","2019-06-23 13:00:48"
"2261","88","717","1993-10-18 23:24:11"
"2262","40","1925","2002-09-21 23:17:01"
"2263","59","1176","1985-03-25 02:00:48"
"2264","1","57","2007-08-08 16:10:01"
"2265","79","1805","2007-10-06 10:33:47"
"2266","61","1923","1997-06-11 06:26:44"
"2267","9","1631","1975-11-07 07:08:40"
"2268","24","1341","2018-04-02 08:22:24"
"2269","34","1919","1983-03-09 13:57:04"
"2270","39","1916","1974-05-28 12:46:28"
"2271","46","1378","1993-07-01 13:05:52"
"2272","47","812","1979-04-14 00:55:44"
"2273","79","720","1979-07-19 19:59:11"
"2274","10","1221","1991-01-11 00:18:43"
"2275","24","539","1980-02-21 20:06:01"
"2276","29","1623","1989-12-23 22:17:05"
"2277","83","512","1973-04-04 08:53:08"
"2278","13","473","2012-07-25 23:53:09"
"2279","50","1","2008-11-12 07:58:32"
"2280","59","1231","2008-04-14 03:42:09"
"2281","14","468","2016-09-20 03:15:40"
"2282","78","145","2005-07-25 13:12:11"
"2283","2","1557","2021-03-17 16:04:31"
"2284","90","1400","2006-10-21 06:32:44"
"2285","24","1557","2005-01-27 00:49:52"
"2286","48","1569","2007-12-21 00:41:23"
"2287","25","875","1978-08-26 10:20:44"
"2288","87","817","1984-03-22 05:33:37"
"2289","60","1176","2000-09-23 20:24:27"
"2290","73","1324","1972-05-16 12:21:22"
"2291","8","298","2007-06-13 03:21:55"
"2292","68","794","2015-09-06 18:01:11"
"2293","37","462","2019-09-29 09:09:19"
"2294","75","1099","1994-07-05 22:46:42"
"2295","62","1807","1989-01-24 13:40:40"
"2296","54","720","1988-08-17 14:35:21"
"2297","92","79","1998-09-24 22:12:54"
"2298","68","1589","1984-11-10 13:06:09"
"2299","24","195","2004-03-04 13:08:33"
"2300","84","1231","1996-12-08 00:11:37"
"2301","21","277","2020-01-30 04:47:27"
"2302","4","891","1979-09-20 20:07:54"
"2303","7","1801","1987-08-15 16:10:36"
"2304","72","247","1993-03-14 18:39:19"
"2305","42","1631","1985-12-20 04:20:30"
"2306","10","8","2014-07-27 01:44:02"
"2307","27","1516","1978-12-22 07:45:41"
"2308","40","1584","2001-11-12 07:50:45"
"2309","39","615","1981-12-11 17:54:59"
"2310","94","90","1981-01-30 15:43:58"
"2311","51","1894","2009-06-30 09:00:13"
"2312","90","1122","1996-07-28 15:46:04"
"2313","17","408","1976-06-14 08:42:40"
"2314","49","1232","2010-04-09 06:53:00"
"2315","85","1424","1993-03-30 14:10:55"
"2316","92","1667","1976-07-22 23:20:24"
"2317","18","1317","2017-04-10 12:14:24"
"2318","93","261","1993-12-31 16:07:35"
"2319","25","1897","2007-11-23 13:31:19"
"2320","39","1324","2010-07-25 13:52:41"
"2321","72","1423","2007-06-02 19:55:49"
"2322","99","771","1980-11-12 14:12:21"
"2323","2","777","2000-01-26 10:24:03"
"2324","31","1550","1978-09-03 02:47:31"
"2325","11","1242","2021-05-25 07:11:30"
"2326","69","850","1985-07-30 13:54:54"
"2327","21","1291","2006-06-05 15:22:13"
"2328","36","834","1976-02-16 05:01:29"
"2329","58","201","2013-08-12 16:33:20"
"2330","31","345","1993-09-04 22:21:37"
"2331","41","178","1991-02-19 18:35:03"
"2332","51","1952","2001-10-24 02:19:16"
"2333","27","987","1985-10-29 11:58:57"
"2334","6","712","1980-04-29 17:19:49"
"2335","11","1354","1977-05-03 11:11:57"
"2336","95","1975","2010-05-31 08:11:27"
"2337","0","483","1981-02-15 22:38:09"
"2338","64","1946","1993-04-01 18:02:03"
"2339","84","141","1979-01-27 01:59:02"
"2340","26","1721","1973-10-07 23:11:49"
"2341","34","589","2010-12-30 11:30:28"
"2342","60","832","1972-01-05 04:22:43"
"2343","71","427","1977-05-30 22:36:58"
"2344","54","1052","2007-12-17 20:28:02"
"2345","28","406","1987-01-18 01:22:54"
"2346","54","347","1973-09-01 02:40:21"
"2347","35","1816","2003-12-13 10:23:09"
"2348","88","88","1998-03-17 04:55:40"
"2349","23","914","1997-10-23 06:57:52"
"2350","3","34","2007-12-26 18:02:18"
"2351","87","84","2010-03-04 09:47:10"
"2352","91","390","1975-07-13 23:02:04"
"2353","42","1562","1987-01-08 23:15:02"
"2354","39","814","1988-05-21 12:36:15"
"2355","40","1862","2006-07-30 12:49:47"
"2356","45","699","2003-07-12 12:05:09"
"2357","56","752","1993-12-08 15:24:15"
"2358","60","1089","2008-06-27 21:24:30"
"2359","12","988","2001-06-03 00:20:20"
"2360","90","497","2018-01-18 23:58:45"
"2361","0","1412","2011-04-04 08:14:15"
"2362","10","1765","1994-08-08 22:28:54"
"2363","61","1365","2021-02-07 07:25:11"
"2364","54","690","1996-09-05 21:42:02"
"2365","43","1702","2014-10-24 09:22:13"
"2366","11","96","1994-06-23 22:27:00"
"2367","6","541","1978-12-14 13:27:48"
"2368","25","1584","1988-07-19 02:27:43"
"2369","43","1961","2021-03-16 23:59:37"
"2370","44","275","1975-10-12 19:40:19"
"2371","65","1606","1971-09-19 01:08:06"
"2372","39","1085","2017-02-10 21:34:31"
"2373","26","777","2005-08-24 00:38:30"
"2374","6","804","2016-05-25 11:33:27"
"2375","77","135","1996-04-27 13:33:03"
"2376","16","944","2014-12-05 16:11:14"
"2377","70","1602","1980-08-12 16:40:56"
"2378","18","1326","1986-05-24 22:33:58"
"2379","17","247","1986-05-03 18:52:47"
"2380","27","650","2004-06-02 06:14:45"
"2381","4","1183","2020-07-27 00:09:25"
"2382","11","69","2002-05-13 12:50:40"
"2383","33","1349","1978-05-08 11:59:05"
"2384","75","368","1972-06-28 09:34:23"
"2385","57","784","1973-08-28 18:58:48"
"2386","8","1538","1995-12-30 16:45:38"
"2387","81","386","1984-03-24 22:24:55"
"2388","71","1066","2002-11-03 13:03:23"
"2389","81","1163","2002-11-15 01:03:48"
"2390","40","1741","1998-09-14 23:01:04"
"2391","12","860","1997-01-20 11:50:04"
"2392","87","1527","2008-10-10 03:05:23"
"2393","6","679","1991-11-06 13:25:31"
"2394","40","1123","1998-02-27 15:48:52"
"2395","22","1205","1989-05-13 06:35:41"
"2396","38","1650","1970-07-31 16:08:44"
"2397","78","1033","2016-12-03 17:17:49"
"2398","39","681","1981-05-16 21:51:47"
"2399","43","43","1981-12-24 04:14:35"
"2400","7","52","1972-03-29 01:36:02"
"2401","52","1794","1979-05-07 10:10:45"
"2402","6","1682","2000-05-30 12:49:35"
"2403","2","946","1973-08-16 10:18:52"
"2404","17","861","2019-01-09 01:45:57"
"2405","30","273","2005-05-24 16:03:10"
"2406","96","787","1999-09-30 09:25:53"
"2407","40","979","2003-07-17 09:33:29"
"2408","22","566","1973-08-24 11:49:57"
"2409","66","1104","2020-06-09 15:51:07"
"2410","96","140","1982-11-10 10:25:46"
"2411","50","350","2014-08-28 20:11:42"
"2412","84","1424","1986-08-28 03:00:31"
"2413","25","1499","1979-03-25 14:53:03"
"2414","42","708","1998-05-01 13:34:36"
"2415","82","1839","1998-04-19 13:13:43"
"2416","90","800","1979-01-19 04:40:55"
"2417","52","1408","1971-03-13 19:09:24"
"2418","17","256","2018-06-28 20:02:32"
"2419","92","311","1978-02-10 07:02:08"
"2420","31","1983","2013-12-23 16:11:22"
"2421","71","1550","1977-09-09 20:17:39"
"2422","89","1710","2009-05-09 14:32:33"
"2423","86","1663","1987-02-25 01:33:21"
"2424","83","468","1972-11-17 17:52:10"
"2425","18","1929","1998-08-01 18:33:32"
"2426","11","891","2008-02-05 00:50:03"
"2427","83","211","1993-05-19 15:06:21"
"2428","93","802","1994-03-09 08:20:32"
"2429","90","564","2018-02-04 19:35:57"
"2430","15","1072","2012-06-03 08:21:57"
"2431","99","786","2018-03-11 06:19:14"
"2432","78","1880","2015-05-29 08:39:28"
"2433","32","1100","1988-01-29 06:21:55"
"2434","93","1064","2019-06-11 06:44:05"
"2435","19","79","2012-02-07 04:34:06"
"2436","57","946","2000-09-10 06:00:33"
"2437","74","1","1994-03-16 04:50:03"
"2438","54","832","1993-09-09 10:22:00"
"2439","88","462","2016-11-15 18:42:49"
"2440","2","95","2015-07-15 13:22:37"
"2441","28","1020","1979-05-23 13:14:38"
"2442","93","814","1990-03-18 12:04:03"
"2443","72","513","1973-12-22 15:57:02"
"2444","65","334","2006-10-01 12:56:45"
"2445","52","414","1976-01-14 01:09:39"
"2446","83","1925","2004-04-14 06:26:59"
"2447","40","887","1999-01-20 09:19:34"
"2448","44","930","1991-03-20 04:36:42"
"2449","40","1255","1976-05-05 02:07:59"
"2450","11","1037","2005-08-01 01:57:47"
"2451","13","746","1974-05-26 11:10:05"
"2452","66","1302","1988-07-05 07:12:11"
"2453","79","390","2020-06-20 12:18:55"
"2454","81","1419","2002-07-05 04:29:58"
"2455","51","1268","1982-11-11 04:13:23"
"2456","10","1897","1994-02-01 18:28:49"
"2457","23","1154","1978-02-10 17:26:28"
"2458","5","1426","2004-03-12 00:36:06"
"2459","92","1183","1975-12-18 10:21:17"
"2460","47","1845","1973-05-12 15:22:44"
"2461","39","1973","1982-09-30 10:14:16"
"2462","0","914","2021-11-01 05:57:44"
"2463","8","215","2017-12-09 05:37:20"
"2464","4","427","1972-02-25 22:43:28"
"2465","94","1976","1998-04-11 03:46:17"
"2466","5","351","2010-12-04 00:53:44"
"2467","44","49","1976-07-04 15:09:56"
"2468","81","924","1973-01-25 13:03:44"
"2469","85","1550","1980-10-22 22:13:40"
"2470","71","50","2019-03-20 14:51:06"
"2471","60","770","1992-03-08 17:31:13"
"2472","67","760","2008-08-29 22:29:38"
"2473","0","1668","1991-08-25 11:30:24"
"2474","58","1400","1991-12-11 17:58:00"
"2475","40","1836","1978-08-30 18:18:18"
"2476","71","123","1983-06-11 16:30:27"
"2477","11","1305","1975-02-19 22:36:45"
"2478","82","1516","1989-08-08 08:19:10"
"2479","9","1454","1986-08-19 03:33:08"
"2480","55","712","2017-11-17 03:30:29"
"2481","27","1807","1987-06-14 15:53:59"
"2482","75","957","1983-09-08 10:16:52"
"2483","21","906","2015-12-31 11:09:27"
"2484","65","1316","1982-11-14 05:44:13"
"2485","89","138","1981-06-08 03:55:41"
"2486","6","1363","1980-07-26 23:24:16"
"2487","38","1433","1986-06-23 18:57:21"
"2488","88","155","2021-06-02 12:56:00"
"2489","18","535","2005-03-09 18:15:18"
"2490","61","1289","2009-09-15 07:41:39"
"2491","42","1140","2013-08-30 18:39:20"
"2492","34","786","2000-04-29 22:21:07"
"2493","73","732","1991-06-11 23:21:26"
"2494","53","211","2006-06-23 04:00:30"
"2495","85","205","1995-06-21 10:46:17"
"2496","33","570","1977-12-24 06:52:39"
"2497","52","78","1970-06-14 00:14:13"
"2498","53","766","1974-09-02 22:55:05"
"2499","78","335","1973-09-20 03:09:18"
