"1000000","1000026","owner"
"1000001","1000015","owner"
"1000002","1000122","owner"
"1000003","1000071","owner"
"1000004","1000113","owner"
"1000005","1000129","owner"
"1000006","1000074","owner"
"1000007","1000077","owner"
"1000008","1000042","owner"
"1000009","1000097","owner"
"1000010","1000140","owner"
"1000011","1000044","owner"
"1000012","1000028","owner"
"1000013","1000106","owner"
"1000014","1000049","owner"
"1000015","1000028","owner"
"1000016","1000108","owner"
"1000017","1000022","owner"
"1000018","1000093","owner"
"1000019","1000095","owner"
"1000020","1000056","owner"
"1000021","1000021","owner"
"1000022","1000044","owner"
"1000023","1000014","owner"
"1000024","1000096","owner"
"1000025","1000080","owner"
"1000026","1000005","owner"
"1000027","1000048","owner"
"1000028","1000057","owner"
"1000029","1000080","owner"
"1000030","1000105","owner"
"1000031","1000067","owner"
"1000032","1000051","owner"
"1000033","1000016","owner"
"1000034","1000054","owner"
"1000035","1000037","owner"
"1000036","1000100","owner"
"1000037","1000133","owner"
"1000038","1000014","owner"
"1000039","1000049","owner"
"1000040","1000052","owner"
"1000041","1000161","owner"
"1000042","1000010","owner"
"1000043","1000039","owner"
"1000044","1000052","owner"
"1000045","1000094","owner"
"1000046","1000038","owner"
"1000047","1000013","owner"
"1000048","1000036","owner"
"1000049","1000146","owner"
"1000000","1000130","labeler"
"1000000","1000102","labeler"
"1000000","1000123","labeler"
"1000000","1000132","labeler"
"1000000","1000010","labeler"
"1000000","1000137","labeler"
"1000000","1000079","labeler"
"1000000","1000002","labeler"
"1000000","1000018","labeler"
"1000000","1000121","labeler"
"1000000","1000001","labeler"
"1000000","1000090","labeler"
"1000000","1000084","labeler"
"1000000","1000020","labeler"
"1000000","1000058","labeler"
"1000000","1000014","labeler"
"1000000","1000075","labeler"
"1000000","1000048","labeler"
"1000000","1000068","labeler"
"1000000","1000016","labeler"
"1000000","1000027","labeler"
"1000000","1000085","labeler"
"1000000","1000106","labeler"
"1000000","1000088","labeler"
"1000000","1000110","labeler"
"1000000","1000013","labeler"
"1000000","1000033","labeler"
"1000000","1000005","labeler"
"1000000","1000059","labeler"
"1000000","1000101","labeler"
"1000000","1000034","labeler"
"1000000","1000148","labeler"
"1000000","1000000","labeler"
"1000000","1000136","labeler"
"1000001","1000061","labeler"
"1000001","1000120","labeler"
"1000001","1000002","labeler"
"1000001","1000064","labeler"
"1000001","1000016","labeler"
"1000001","1000084","labeler"
"1000001","1000008","labeler"
"1000001","1000006","labeler"
"1000001","1000018","labeler"
"1000001","1000072","labeler"
"1000001","1000077","labeler"
"1000001","1000085","labeler"
"1000001","1000010","labeler"
"1000001","1000012","labeler"
"1000001","1000050","labeler"
"1000001","1000007","labeler"
"1000001","1000073","labeler"
"1000001","1000053","labeler"
"1000001","1000046","labeler"
"1000001","1000030","labeler"
"1000001","1000082","labeler"
"1000001","1000123","labeler"
"1000001","1000048","labeler"
"1000001","1000051","labeler"
"1000001","1000060","labeler"
"1000001","1000039","labeler"
"1000001","1000065","labeler"
"1000001","1000045","labeler"
"1000001","1000022","labeler"
"1000001","1000076","labeler"
"1000001","1000105","labeler"
"1000001","1000027","labeler"
"1000001","1000147","labeler"
"1000001","1000111","labeler"
"1000001","1000003","labeler"
"1000001","1000019","labeler"
"1000001","1000086","labeler"
"1000001","1000024","labeler"
"1000001","1000106","labeler"
"1000001","1000081","labeler"
"1000001","1000062","labeler"
"1000001","1000094","labeler"
"1000001","1000036","labeler"
"1000001","1000041","labeler"
"1000001","1000066","labeler"
"1000001","1000029","labeler"
"1000001","1000063","labeler"
"1000001","1000001","labeler"
"1000001","1000004","labeler"
"1000001","1000069","labeler"
"1000001","1000101","labeler"
"1000001","1000038","labeler"
"1000001","1000054","labeler"
"1000001","1000005","labeler"
"1000001","1000140","labeler"
"1000001","1000080","labeler"
"1000001","1000109","labeler"
"1000001","1000042","labeler"
"1000001","1000052","labeler"
"1000001","1000093","labeler"
"1000001","1000026","labeler"
"1000001","1000089","labeler"
"1000001","1000032","labeler"
"1000001","1000083","labeler"
"1000001","1000011","labeler"
"1000001","1000057","labeler"
"1000001","1000009","labeler"
"1000001","1000108","labeler"
"1000001","1000034","labeler"
"1000001","1000043","labeler"
"1000001","1000091","labeler"
"1000001","1000102","labeler"
"1000001","1000088","labeler"
"1000001","1000118","labeler"
"1000001","1000068","labeler"
"1000001","1000059","labeler"
"1000001","1000071","labeler"
"1000001","1000119","labeler"
"1000001","1000025","labeler"
"1000001","1000097","labeler"
"1000001","1000096","labeler"
"1000001","1000033","labeler"
"1000001","1000000","labeler"
"1000001","1000031","labeler"
"1000001","1000049","labeler"
"1000001","1000117","labeler"
"1000001","1000079","labeler"
"1000001","1000099","labeler"
"1000001","1000047","labeler"
"1000001","1000014","labeler"
"1000001","1000013","labeler"
"1000001","1000113","labeler"
"1000001","1000087","labeler"
"1000001","1000037","labeler"
"1000001","1000137","labeler"
"1000001","1000092","labeler"
"1000001","1000149","labeler"
"1000001","1000090","labeler"
"1000001","1000131","labeler"
"1000001","1000133","labeler"
"1000001","1000070","labeler"
"1000002","1000050","labeler"
"1000003","1000028","labeler"
"1000003","1000101","labeler"
"1000003","1000035","labeler"
"1000003","1000047","labeler"
"1000003","1000027","labeler"
"1000003","1000004","labeler"
"1000003","1000070","labeler"
"1000003","1000012","labeler"
"1000003","1000044","labeler"
"1000003","1000137","labeler"
"1000003","1000018","labeler"
"1000003","1000006","labeler"
"1000003","1000057","labeler"
"1000003","1000115","labeler"
"1000003","1000139","labeler"
"1000003","1000029","labeler"
"1000003","1000003","labeler"
"1000003","1000043","labeler"
"1000003","1000000","labeler"
"1000004","1000110","labeler"
"1000004","1000037","labeler"
"1000004","1000106","labeler"
"1000004","1000008","labeler"
"1000004","1000091","labeler"
"1000004","1000074","labeler"
"1000004","1000104","labeler"
"1000004","1000094","labeler"
"1000004","1000142","labeler"
"1000004","1000007","labeler"
"1000004","1000137","labeler"
"1000004","1000001","labeler"
"1000004","1000047","labeler"
"1000004","1000005","labeler"
"1000004","1000093","labeler"
"1000004","1000004","labeler"
"1000004","1000109","labeler"
"1000004","1000026","labeler"
"1000004","1000075","labeler"
"1000004","1000115","labeler"
"1000004","1000092","labeler"
"1000004","1000038","labeler"
"1000004","1000044","labeler"
"1000004","1000082","labeler"
"1000004","1000003","labeler"
"1000004","1000096","labeler"
"1000004","1000002","labeler"
"1000004","1000059","labeler"
"1000004","1000058","labeler"
"1000004","1000039","labeler"
"1000004","1000119","labeler"
"1000004","1000062","labeler"
"1000004","1000019","labeler"
"1000004","1000000","labeler"
"1000004","1000056","labeler"
"1000004","1000006","labeler"
"1000005","1000075","labeler"
"1000005","1000006","labeler"
"1000005","1000052","labeler"
"1000005","1000034","labeler"
"1000005","1000102","labeler"
"1000005","1000105","labeler"
"1000005","1000013","labeler"
"1000005","1000074","labeler"
"1000005","1000004","labeler"
"1000005","1000045","labeler"
"1000005","1000016","labeler"
"1000005","1000011","labeler"
"1000005","1000025","labeler"
"1000005","1000005","labeler"
"1000005","1000135","labeler"
"1000005","1000062","labeler"
"1000005","1000130","labeler"
"1000006","1000008","labeler"
"1000006","1000117","labeler"
"1000006","1000144","labeler"
"1000006","1000067","labeler"
"1000006","1000039","labeler"
"1000006","1000146","labeler"
"1000006","1000032","labeler"
"1000006","1000063","labeler"
"1000006","1000002","labeler"
"1000006","1000047","labeler"
"1000006","1000010","labeler"
"1000006","1000035","labeler"
"1000006","1000107","labeler"
"1000006","1000025","labeler"
"1000006","1000048","labeler"
"1000006","1000077","labeler"
"1000006","1000085","labeler"
"1000006","1000097","labeler"
"1000006","1000106","labeler"
"1000006","1000004","labeler"
"1000006","1000081","labeler"
"1000006","1000026","labeler"
"1000006","1000009","labeler"
"1000006","1000056","labeler"
"1000006","1000103","labeler"
"1000006","1000065","labeler"
"1000006","1000021","labeler"
"1000006","1000079","labeler"
"1000006","1000031","labeler"
"1000006","1000053","labeler"
"1000006","1000061","labeler"
"1000006","1000114","labeler"
"1000006","1000001","labeler"
"1000006","1000120","labeler"
"1000006","1000124","labeler"
"1000006","1000123","labeler"
"1000006","1000093","labeler"
"1000006","1000076","labeler"
"1000006","1000050","labeler"
"1000006","1000023","labeler"
"1000006","1000147","labeler"
"1000006","1000099","labeler"
"1000006","1000034","labeler"
"1000006","1000073","labeler"
"1000006","1000086","labeler"
"1000006","1000115","labeler"
"1000006","1000017","labeler"
"1000006","1000028","labeler"
"1000006","1000000","labeler"
"1000006","1000014","labeler"
"1000006","1000044","labeler"
"1000006","1000109","labeler"
"1000006","1000055","labeler"
"1000006","1000013","labeler"
"1000006","1000038","labeler"
"1000006","1000058","labeler"
"1000006","1000011","labeler"
"1000006","1000019","labeler"
"1000006","1000030","labeler"
"1000006","1000020","labeler"
"1000006","1000072","labeler"
"1000006","1000024","labeler"
"1000006","1000016","labeler"
"1000006","1000084","labeler"
"1000006","1000036","labeler"
"1000006","1000033","labeler"
"1000006","1000068","labeler"
"1000006","1000012","labeler"
"1000006","1000118","labeler"
"1000006","1000111","labeler"
"1000006","1000075","labeler"
"1000006","1000059","labeler"
"1000006","1000005","labeler"
"1000006","1000088","labeler"
"1000006","1000003","labeler"
"1000006","1000029","labeler"
"1000006","1000078","labeler"
"1000006","1000135","labeler"
"1000006","1000069","labeler"
"1000006","1000145","labeler"
"1000006","1000087","labeler"
"1000006","1000052","labeler"
"1000006","1000027","labeler"
"1000006","1000070","labeler"
"1000006","1000116","labeler"
"1000006","1000018","labeler"
"1000006","1000015","labeler"
"1000006","1000122","labeler"
"1000006","1000037","labeler"
"1000006","1000098","labeler"
"1000006","1000041","labeler"
"1000006","1000091","labeler"
"1000006","1000100","labeler"
"1000006","1000054","labeler"
"1000006","1000095","labeler"
"1000006","1000022","labeler"
"1000006","1000062","labeler"
"1000006","1000110","labeler"
"1000006","1000042","labeler"
"1000006","1000071","labeler"
"1000006","1000104","labeler"
"1000006","1000064","labeler"
"1000006","1000040","labeler"
"1000006","1000092","labeler"
"1000006","1000108","labeler"
"1000006","1000057","labeler"
"1000006","1000119","labeler"
"1000006","1000066","labeler"
"1000006","1000006","labeler"
"1000006","1000080","labeler"
"1000006","1000094","labeler"
"1000006","1000096","labeler"
"1000006","1000089","labeler"
"1000006","1000125","labeler"
"1000006","1000007","labeler"
"1000006","1000060","labeler"
"1000006","1000130","labeler"
"1000006","1000134","labeler"
"1000006","1000049","labeler"
"1000006","1000082","labeler"
"1000006","1000045","labeler"
"1000006","1000157","labeler"
"1000006","1000153","labeler"
"1000006","1000131","labeler"
"1000006","1000127","labeler"
"1000006","1000102","labeler"
"1000006","1000083","labeler"
"1000006","1000051","labeler"
"1000006","1000046","labeler"
"1000007","1000063","labeler"
"1000007","1000030","labeler"
"1000007","1000098","labeler"
"1000007","1000118","labeler"
"1000008","1000038","labeler"
"1000008","1000043","labeler"
"1000008","1000028","labeler"
"1000008","1000119","labeler"
"1000008","1000027","labeler"
"1000008","1000154","labeler"
"1000008","1000087","labeler"
"1000008","1000018","labeler"
"1000008","1000063","labeler"
"1000008","1000070","labeler"
"1000008","1000086","labeler"
"1000008","1000004","labeler"
"1000008","1000065","labeler"
"1000008","1000013","labeler"
"1000008","1000040","labeler"
"1000008","1000048","labeler"
"1000008","1000104","labeler"
"1000008","1000056","labeler"
"1000008","1000054","labeler"
"1000008","1000050","labeler"
"1000008","1000060","labeler"
"1000008","1000123","labeler"
"1000008","1000009","labeler"
"1000008","1000000","labeler"
"1000008","1000082","labeler"
"1000008","1000111","labeler"
"1000008","1000077","labeler"
"1000008","1000045","labeler"
"1000008","1000024","labeler"
"1000008","1000007","labeler"
"1000008","1000081","labeler"
"1000008","1000122","labeler"
"1000008","1000140","labeler"
"1000008","1000076","labeler"
"1000008","1000100","labeler"
"1000008","1000046","labeler"
"1000008","1000096","labeler"
"1000009","1000002","labeler"
"1000009","1000139","labeler"
"1000009","1000060","labeler"
"1000009","1000013","labeler"
"1000009","1000086","labeler"
"1000009","1000003","labeler"
"1000009","1000023","labeler"
"1000009","1000008","labeler"
"1000009","1000113","labeler"
"1000009","1000009","labeler"
"1000009","1000058","labeler"
"1000009","1000000","labeler"
"1000010","1000039","labeler"
"1000010","1000054","labeler"
"1000010","1000017","labeler"
"1000010","1000071","labeler"
"1000010","1000043","labeler"
"1000010","1000081","labeler"
"1000010","1000001","labeler"
"1000010","1000010","labeler"
"1000010","1000095","labeler"
"1000010","1000134","labeler"
"1000011","1000020","labeler"
"1000011","1000018","labeler"
"1000011","1000015","labeler"
"1000012","1000115","labeler"
"1000012","1000082","labeler"
"1000012","1000005","labeler"
"1000012","1000075","labeler"
"1000012","1000038","labeler"
"1000012","1000047","labeler"
"1000012","1000044","labeler"
"1000012","1000085","labeler"
"1000012","1000110","labeler"
"1000012","1000109","labeler"
"1000012","1000063","labeler"
"1000012","1000126","labeler"
"1000012","1000000","labeler"
"1000012","1000009","labeler"
"1000012","1000131","labeler"
"1000012","1000088","labeler"
"1000012","1000091","labeler"
"1000012","1000002","labeler"
"1000012","1000039","labeler"
"1000012","1000089","labeler"
"1000012","1000081","labeler"
"1000012","1000001","labeler"
"1000012","1000076","labeler"
"1000012","1000031","labeler"
"1000012","1000035","labeler"
"1000012","1000025","labeler"
"1000012","1000124","labeler"
"1000012","1000117","labeler"
"1000012","1000022","labeler"
"1000012","1000112","labeler"
"1000012","1000072","labeler"
"1000012","1000011","labeler"
"1000012","1000100","labeler"
"1000012","1000079","labeler"
"1000012","1000014","labeler"
"1000012","1000043","labeler"
"1000012","1000067","labeler"
"1000012","1000113","labeler"
"1000012","1000086","labeler"
"1000012","1000056","labeler"
"1000012","1000007","labeler"
"1000012","1000021","labeler"
"1000012","1000054","labeler"
"1000012","1000127","labeler"
"1000012","1000052","labeler"
"1000012","1000046","labeler"
"1000012","1000090","labeler"
"1000012","1000030","labeler"
"1000012","1000111","labeler"
"1000012","1000004","labeler"
"1000012","1000120","labeler"
"1000012","1000058","labeler"
"1000012","1000045","labeler"
"1000012","1000051","labeler"
"1000012","1000073","labeler"
"1000012","1000024","labeler"
"1000012","1000010","labeler"
"1000012","1000037","labeler"
"1000012","1000019","labeler"
"1000012","1000133","labeler"
"1000012","1000107","labeler"
"1000012","1000130","labeler"
"1000012","1000101","labeler"
"1000012","1000053","labeler"
"1000012","1000103","labeler"
"1000012","1000065","labeler"
"1000012","1000119","labeler"
"1000012","1000092","labeler"
"1000012","1000137","labeler"
"1000012","1000066","labeler"
"1000012","1000132","labeler"
"1000012","1000036","labeler"
"1000012","1000055","labeler"
"1000012","1000059","labeler"
"1000012","1000008","labeler"
"1000012","1000003","labeler"
"1000012","1000040","labeler"
"1000012","1000129","labeler"
"1000012","1000084","labeler"
"1000012","1000027","labeler"
"1000012","1000143","labeler"
"1000012","1000048","labeler"
"1000012","1000068","labeler"
"1000012","1000141","labeler"
"1000012","1000012","labeler"
"1000012","1000018","labeler"
"1000012","1000136","labeler"
"1000012","1000145","labeler"
"1000012","1000050","labeler"
"1000012","1000114","labeler"
"1000012","1000032","labeler"
"1000012","1000134","labeler"
"1000012","1000034","labeler"
"1000013","1000028","labeler"
"1000013","1000039","labeler"
"1000013","1000005","labeler"
"1000013","1000011","labeler"
"1000013","1000013","labeler"
"1000013","1000135","labeler"
"1000013","1000016","labeler"
"1000013","1000077","labeler"
"1000013","1000075","labeler"
"1000013","1000097","labeler"
"1000013","1000060","labeler"
"1000013","1000038","labeler"
"1000013","1000052","labeler"
"1000013","1000114","labeler"
"1000013","1000085","labeler"
"1000013","1000009","labeler"
"1000013","1000002","labeler"
"1000013","1000109","labeler"
"1000013","1000067","labeler"
"1000013","1000010","labeler"
"1000013","1000015","labeler"
"1000013","1000137","labeler"
"1000013","1000087","labeler"
"1000013","1000027","labeler"
"1000013","1000026","labeler"
"1000013","1000058","labeler"
"1000013","1000017","labeler"
"1000013","1000054","labeler"
"1000013","1000000","labeler"
"1000013","1000089","labeler"
"1000013","1000083","labeler"
"1000013","1000098","labeler"
"1000013","1000108","labeler"
"1000013","1000025","labeler"
"1000013","1000008","labeler"
"1000013","1000125","labeler"
"1000013","1000088","labeler"
"1000013","1000001","labeler"
"1000013","1000115","labeler"
"1000013","1000143","labeler"
"1000013","1000036","labeler"
"1000013","1000024","labeler"
"1000013","1000034","labeler"
"1000013","1000117","labeler"
"1000013","1000056","labeler"
"1000013","1000124","labeler"
"1000013","1000003","labeler"
"1000013","1000020","labeler"
"1000013","1000018","labeler"
"1000013","1000030","labeler"
"1000013","1000063","labeler"
"1000013","1000044","labeler"
"1000013","1000119","labeler"
"1000013","1000032","labeler"
"1000013","1000006","labeler"
"1000013","1000078","labeler"
"1000013","1000079","labeler"
"1000013","1000073","labeler"
"1000013","1000043","labeler"
"1000013","1000094","labeler"
"1000013","1000057","labeler"
"1000013","1000100","labeler"
"1000013","1000004","labeler"
"1000013","1000093","labeler"
"1000013","1000074","labeler"
"1000013","1000031","labeler"
"1000013","1000090","labeler"
"1000013","1000055","labeler"
"1000013","1000126","labeler"
"1000013","1000070","labeler"
"1000013","1000122","labeler"
"1000013","1000110","labeler"
"1000013","1000045","labeler"
"1000013","1000029","labeler"
"1000013","1000111","labeler"
"1000013","1000102","labeler"
"1000013","1000072","labeler"
"1000013","1000051","labeler"
"1000013","1000107","labeler"
"1000013","1000059","labeler"
"1000013","1000049","labeler"
"1000013","1000130","labeler"
"1000013","1000076","labeler"
"1000013","1000149","labeler"
"1000013","1000123","labeler"
"1000013","1000050","labeler"
"1000013","1000138","labeler"
"1000013","1000021","labeler"
"1000014","1000071","labeler"
"1000014","1000088","labeler"
"1000014","1000033","labeler"
"1000014","1000002","labeler"
"1000014","1000073","labeler"
"1000014","1000006","labeler"
"1000014","1000074","labeler"
"1000014","1000023","labeler"
"1000014","1000078","labeler"
"1000014","1000025","labeler"
"1000014","1000100","labeler"
"1000014","1000101","labeler"
"1000014","1000046","labeler"
"1000014","1000007","labeler"
"1000014","1000060","labeler"
"1000014","1000036","labeler"
"1000014","1000111","labeler"
"1000014","1000038","labeler"
"1000014","1000070","labeler"
"1000014","1000116","labeler"
"1000014","1000032","labeler"
"1000014","1000030","labeler"
"1000014","1000113","labeler"
"1000014","1000081","labeler"
"1000014","1000000","labeler"
"1000014","1000019","labeler"
"1000014","1000122","labeler"
"1000014","1000056","labeler"
"1000014","1000086","labeler"
"1000014","1000010","labeler"
"1000014","1000024","labeler"
"1000014","1000001","labeler"
"1000014","1000061","labeler"
"1000014","1000099","labeler"
"1000014","1000045","labeler"
"1000014","1000115","labeler"
"1000014","1000114","labeler"
"1000014","1000039","labeler"
"1000014","1000003","labeler"
"1000014","1000017","labeler"
"1000014","1000011","labeler"
"1000014","1000082","labeler"
"1000014","1000107","labeler"
"1000014","1000102","labeler"
"1000014","1000117","labeler"
"1000014","1000015","labeler"
"1000014","1000022","labeler"
"1000014","1000005","labeler"
"1000014","1000064","labeler"
"1000014","1000093","labeler"
"1000014","1000087","labeler"
"1000014","1000075","labeler"
"1000014","1000018","labeler"
"1000014","1000055","labeler"
"1000014","1000012","labeler"
"1000014","1000035","labeler"
"1000014","1000069","labeler"
"1000014","1000041","labeler"
"1000014","1000109","labeler"
"1000014","1000054","labeler"
"1000014","1000057","labeler"
"1000014","1000052","labeler"
"1000014","1000014","labeler"
"1000014","1000043","labeler"
"1000014","1000076","labeler"
"1000014","1000013","labeler"
"1000014","1000062","labeler"
"1000014","1000065","labeler"
"1000014","1000089","labeler"
"1000014","1000058","labeler"
"1000014","1000026","labeler"
"1000014","1000034","labeler"
"1000014","1000085","labeler"
"1000014","1000124","labeler"
"1000014","1000083","labeler"
"1000014","1000106","labeler"
"1000014","1000112","labeler"
"1000014","1000094","labeler"
"1000014","1000020","labeler"
"1000015","1000021","labeler"
"1000015","1000018","labeler"
"1000015","1000033","labeler"
"1000015","1000067","labeler"
"1000016","1000008","labeler"
"1000016","1000094","labeler"
"1000016","1000000","labeler"
"1000016","1000111","labeler"
"1000016","1000061","labeler"
"1000016","1000084","labeler"
"1000016","1000053","labeler"
"1000016","1000106","labeler"
"1000016","1000004","labeler"
"1000016","1000063","labeler"
"1000016","1000078","labeler"
"1000016","1000023","labeler"
"1000016","1000096","labeler"
"1000016","1000067","labeler"
"1000016","1000014","labeler"
"1000016","1000055","labeler"
"1000016","1000031","labeler"
"1000016","1000130","labeler"
"1000016","1000060","labeler"
"1000016","1000141","labeler"
"1000016","1000028","labeler"
"1000016","1000104","labeler"
"1000016","1000027","labeler"
"1000016","1000064","labeler"
"1000016","1000058","labeler"
"1000017","1000116","labeler"
"1000017","1000119","labeler"
"1000017","1000023","labeler"
"1000017","1000032","labeler"
"1000017","1000019","labeler"
"1000017","1000074","labeler"
"1000017","1000010","labeler"
"1000017","1000029","labeler"
"1000017","1000077","labeler"
"1000017","1000014","labeler"
"1000017","1000033","labeler"
"1000017","1000115","labeler"
"1000017","1000101","labeler"
"1000017","1000061","labeler"
"1000017","1000003","labeler"
"1000017","1000050","labeler"
"1000017","1000123","labeler"
"1000017","1000092","labeler"
"1000017","1000028","labeler"
"1000017","1000015","labeler"
"1000017","1000095","labeler"
"1000017","1000083","labeler"
"1000017","1000104","labeler"
"1000017","1000110","labeler"
"1000017","1000072","labeler"
"1000017","1000133","labeler"
"1000017","1000126","labeler"
"1000017","1000048","labeler"
"1000017","1000062","labeler"
"1000017","1000141","labeler"
"1000017","1000069","labeler"
"1000017","1000005","labeler"
"1000017","1000017","labeler"
"1000017","1000080","labeler"
"1000017","1000113","labeler"
"1000017","1000088","labeler"
"1000017","1000106","labeler"
"1000017","1000038","labeler"
"1000017","1000129","labeler"
"1000017","1000118","labeler"
"1000017","1000049","labeler"
"1000017","1000117","labeler"
"1000017","1000091","labeler"
"1000017","1000043","labeler"
"1000017","1000000","labeler"
"1000017","1000056","labeler"
"1000017","1000097","labeler"
"1000017","1000025","labeler"
"1000017","1000076","labeler"
"1000017","1000073","labeler"
"1000017","1000103","labeler"
"1000017","1000085","labeler"
"1000018","1000056","labeler"
"1000018","1000031","labeler"
"1000018","1000051","labeler"
"1000018","1000095","labeler"
"1000018","1000064","labeler"
"1000018","1000102","labeler"
"1000018","1000090","labeler"
"1000018","1000055","labeler"
"1000018","1000012","labeler"
"1000018","1000009","labeler"
"1000018","1000078","labeler"
"1000018","1000007","labeler"
"1000018","1000028","labeler"
"1000018","1000107","labeler"
"1000018","1000035","labeler"
"1000018","1000125","labeler"
"1000018","1000129","labeler"
"1000018","1000096","labeler"
"1000018","1000098","labeler"
"1000018","1000169","labeler"
"1000018","1000076","labeler"
"1000018","1000086","labeler"
"1000018","1000115","labeler"
"1000018","1000117","labeler"
"1000018","1000097","labeler"
"1000018","1000005","labeler"
"1000018","1000091","labeler"
"1000018","1000113","labeler"
"1000018","1000053","labeler"
"1000018","1000070","labeler"
"1000018","1000049","labeler"
"1000018","1000083","labeler"
"1000018","1000149","labeler"
"1000018","1000079","labeler"
"1000018","1000110","labeler"
"1000018","1000014","labeler"
"1000018","1000088","labeler"
"1000018","1000021","labeler"
"1000018","1000058","labeler"
"1000018","1000069","labeler"
"1000018","1000013","labeler"
"1000018","1000108","labeler"
"1000018","1000018","labeler"
"1000018","1000022","labeler"
"1000018","1000092","labeler"
"1000018","1000029","labeler"
"1000018","1000020","labeler"
"1000019","1000091","labeler"
"1000019","1000000","labeler"
"1000019","1000127","labeler"
"1000019","1000009","labeler"
"1000019","1000078","labeler"
"1000019","1000011","labeler"
"1000019","1000047","labeler"
"1000019","1000061","labeler"
"1000019","1000014","labeler"
"1000019","1000043","labeler"
"1000019","1000136","labeler"
"1000019","1000027","labeler"
"1000019","1000087","labeler"
"1000019","1000010","labeler"
"1000019","1000012","labeler"
"1000019","1000053","labeler"
"1000019","1000019","labeler"
"1000019","1000126","labeler"
"1000019","1000056","labeler"
"1000019","1000031","labeler"
"1000019","1000055","labeler"
"1000019","1000001","labeler"
"1000019","1000005","labeler"
"1000019","1000015","labeler"
"1000019","1000089","labeler"
"1000019","1000016","labeler"
"1000019","1000097","labeler"
"1000019","1000063","labeler"
"1000019","1000059","labeler"
"1000019","1000076","labeler"
"1000019","1000064","labeler"
"1000019","1000149","labeler"
"1000019","1000107","labeler"
"1000019","1000007","labeler"
"1000019","1000113","labeler"
"1000019","1000023","labeler"
"1000019","1000058","labeler"
"1000019","1000081","labeler"
"1000019","1000071","labeler"
"1000019","1000067","labeler"
"1000019","1000032","labeler"
"1000019","1000150","labeler"
"1000019","1000083","labeler"
"1000019","1000022","labeler"
"1000019","1000133","labeler"
"1000019","1000147","labeler"
"1000019","1000045","labeler"
"1000019","1000112","labeler"
"1000019","1000051","labeler"
"1000019","1000074","labeler"
"1000019","1000024","labeler"
"1000019","1000048","labeler"
"1000019","1000098","labeler"
"1000019","1000066","labeler"
"1000019","1000141","labeler"
"1000019","1000002","labeler"
"1000019","1000004","labeler"
"1000019","1000020","labeler"
"1000019","1000096","labeler"
"1000019","1000035","labeler"
"1000019","1000088","labeler"
"1000019","1000008","labeler"
"1000019","1000080","labeler"
"1000019","1000122","labeler"
"1000019","1000049","labeler"
"1000019","1000052","labeler"
"1000019","1000077","labeler"
"1000019","1000003","labeler"
"1000019","1000108","labeler"
"1000019","1000103","labeler"
"1000019","1000041","labeler"
"1000019","1000105","labeler"
"1000019","1000114","labeler"
"1000019","1000131","labeler"
"1000019","1000128","labeler"
"1000019","1000073","labeler"
"1000019","1000100","labeler"
"1000019","1000033","labeler"
"1000019","1000101","labeler"
"1000019","1000021","labeler"
"1000019","1000165","labeler"
"1000019","1000013","labeler"
"1000019","1000084","labeler"
"1000019","1000025","labeler"
"1000019","1000094","labeler"
"1000019","1000039","labeler"
"1000019","1000070","labeler"
"1000019","1000069","labeler"
"1000019","1000115","labeler"
"1000019","1000018","labeler"
"1000019","1000040","labeler"
"1000019","1000106","labeler"
"1000019","1000086","labeler"
"1000019","1000104","labeler"
"1000019","1000142","labeler"
"1000019","1000042","labeler"
"1000019","1000117","labeler"
"1000019","1000121","labeler"
"1000019","1000037","labeler"
"1000019","1000109","labeler"
"1000019","1000144","labeler"
"1000019","1000026","labeler"
"1000019","1000132","labeler"
"1000019","1000167","labeler"
"1000019","1000085","labeler"
"1000019","1000082","labeler"
"1000019","1000036","labeler"
"1000019","1000090","labeler"
"1000019","1000038","labeler"
"1000019","1000072","labeler"
"1000019","1000065","labeler"
"1000019","1000119","labeler"
"1000019","1000129","labeler"
"1000019","1000111","labeler"
"1000019","1000110","labeler"
"1000020","1000081","labeler"
"1000020","1000117","labeler"
"1000020","1000114","labeler"
"1000020","1000088","labeler"
"1000020","1000097","labeler"
"1000020","1000036","labeler"
"1000020","1000017","labeler"
"1000020","1000005","labeler"
"1000020","1000122","labeler"
"1000020","1000138","labeler"
"1000020","1000009","labeler"
"1000020","1000022","labeler"
"1000020","1000095","labeler"
"1000020","1000002","labeler"
"1000020","1000063","labeler"
"1000020","1000091","labeler"
"1000020","1000021","labeler"
"1000020","1000000","labeler"
"1000020","1000035","labeler"
"1000020","1000090","labeler"
"1000020","1000084","labeler"
"1000020","1000027","labeler"
"1000020","1000070","labeler"
"1000020","1000007","labeler"
"1000020","1000012","labeler"
"1000020","1000001","labeler"
"1000020","1000004","labeler"
"1000020","1000108","labeler"
"1000020","1000092","labeler"
"1000020","1000046","labeler"
"1000020","1000026","labeler"
"1000020","1000074","labeler"
"1000020","1000037","labeler"
"1000020","1000099","labeler"
"1000020","1000040","labeler"
"1000020","1000055","labeler"
"1000020","1000086","labeler"
"1000020","1000096","labeler"
"1000020","1000030","labeler"
"1000020","1000053","labeler"
"1000020","1000105","labeler"
"1000020","1000089","labeler"
"1000020","1000051","labeler"
"1000020","1000118","labeler"
"1000020","1000041","labeler"
"1000020","1000068","labeler"
"1000020","1000112","labeler"
"1000020","1000135","labeler"
"1000020","1000047","labeler"
"1000020","1000054","labeler"
"1000020","1000050","labeler"
"1000020","1000071","labeler"
"1000020","1000020","labeler"
"1000020","1000008","labeler"
"1000020","1000052","labeler"
"1000020","1000093","labeler"
"1000021","1000084","labeler"
"1000021","1000093","labeler"
"1000021","1000057","labeler"
"1000021","1000026","labeler"
"1000021","1000038","labeler"
"1000021","1000007","labeler"
"1000021","1000005","labeler"
"1000021","1000013","labeler"
"1000021","1000040","labeler"
"1000021","1000071","labeler"
"1000021","1000037","labeler"
"1000021","1000123","labeler"
"1000021","1000083","labeler"
"1000021","1000068","labeler"
"1000021","1000002","labeler"
"1000021","1000097","labeler"
"1000021","1000077","labeler"
"1000021","1000064","labeler"
"1000021","1000121","labeler"
"1000021","1000046","labeler"
"1000021","1000032","labeler"
"1000021","1000035","labeler"
"1000021","1000034","labeler"
"1000021","1000080","labeler"
"1000021","1000085","labeler"
"1000021","1000070","labeler"
"1000021","1000025","labeler"
"1000021","1000043","labeler"
"1000021","1000096","labeler"
"1000021","1000023","labeler"
"1000021","1000044","labeler"
"1000021","1000036","labeler"
"1000021","1000051","labeler"
"1000021","1000054","labeler"
"1000021","1000159","labeler"
"1000021","1000017","labeler"
"1000021","1000127","labeler"
"1000021","1000041","labeler"
"1000021","1000016","labeler"
"1000021","1000001","labeler"
"1000021","1000027","labeler"
"1000021","1000015","labeler"
"1000021","1000114","labeler"
"1000021","1000012","labeler"
"1000021","1000028","labeler"
"1000021","1000076","labeler"
"1000021","1000061","labeler"
"1000021","1000082","labeler"
"1000021","1000072","labeler"
"1000021","1000119","labeler"
"1000021","1000014","labeler"
"1000021","1000048","labeler"
"1000021","1000000","labeler"
"1000021","1000010","labeler"
"1000021","1000129","labeler"
"1000021","1000090","labeler"
"1000021","1000094","labeler"
"1000021","1000019","labeler"
"1000021","1000003","labeler"
"1000021","1000062","labeler"
"1000021","1000052","labeler"
"1000021","1000065","labeler"
"1000021","1000006","labeler"
"1000021","1000045","labeler"
"1000021","1000105","labeler"
"1000021","1000092","labeler"
"1000021","1000069","labeler"
"1000021","1000009","labeler"
"1000021","1000011","labeler"
"1000021","1000115","labeler"
"1000021","1000109","labeler"
"1000021","1000132","labeler"
"1000021","1000131","labeler"
"1000021","1000039","labeler"
"1000021","1000067","labeler"
"1000021","1000030","labeler"
"1000021","1000042","labeler"
"1000021","1000050","labeler"
"1000021","1000053","labeler"
"1000021","1000088","labeler"
"1000021","1000058","labeler"
"1000021","1000004","labeler"
"1000021","1000060","labeler"
"1000021","1000101","labeler"
"1000021","1000018","labeler"
"1000021","1000059","labeler"
"1000021","1000020","labeler"
"1000021","1000089","labeler"
"1000021","1000100","labeler"
"1000021","1000098","labeler"
"1000021","1000116","labeler"
"1000021","1000047","labeler"
"1000021","1000081","labeler"
"1000021","1000106","labeler"
"1000021","1000066","labeler"
"1000021","1000031","labeler"
"1000021","1000145","labeler"
"1000021","1000029","labeler"
"1000021","1000118","labeler"
"1000021","1000150","labeler"
"1000021","1000008","labeler"
"1000021","1000122","labeler"
"1000021","1000125","labeler"
"1000021","1000108","labeler"
"1000021","1000113","labeler"
"1000021","1000138","labeler"
"1000021","1000107","labeler"
"1000021","1000117","labeler"
"1000021","1000139","labeler"
"1000022","1000008","labeler"
"1000022","1000032","labeler"
"1000022","1000054","labeler"
"1000022","1000045","labeler"
"1000022","1000027","labeler"
"1000022","1000094","labeler"
"1000022","1000055","labeler"
"1000022","1000000","labeler"
"1000022","1000115","labeler"
"1000022","1000039","labeler"
"1000022","1000005","labeler"
"1000022","1000082","labeler"
"1000022","1000100","labeler"
"1000022","1000105","labeler"
"1000022","1000110","labeler"
"1000022","1000014","labeler"
"1000022","1000018","labeler"
"1000022","1000064","labeler"
"1000022","1000047","labeler"
"1000022","1000090","labeler"
"1000022","1000043","labeler"
"1000022","1000134","labeler"
"1000022","1000145","labeler"
"1000022","1000129","labeler"
"1000022","1000096","labeler"
"1000022","1000013","labeler"
"1000022","1000092","labeler"
"1000022","1000128","labeler"
"1000022","1000109","labeler"
"1000022","1000077","labeler"
"1000022","1000021","labeler"
"1000022","1000141","labeler"
"1000022","1000007","labeler"
"1000022","1000034","labeler"
"1000022","1000072","labeler"
"1000022","1000029","labeler"
"1000022","1000002","labeler"
"1000022","1000149","labeler"
"1000022","1000116","labeler"
"1000022","1000101","labeler"
"1000022","1000050","labeler"
"1000022","1000062","labeler"
"1000022","1000070","labeler"
"1000022","1000022","labeler"
"1000022","1000015","labeler"
"1000022","1000041","labeler"
"1000022","1000126","labeler"
"1000022","1000051","labeler"
"1000022","1000003","labeler"
"1000022","1000040","labeler"
"1000022","1000016","labeler"
"1000022","1000143","labeler"
"1000022","1000020","labeler"
"1000022","1000124","labeler"
"1000022","1000049","labeler"
"1000022","1000023","labeler"
"1000022","1000067","labeler"
"1000022","1000127","labeler"
"1000022","1000001","labeler"
"1000022","1000088","labeler"
"1000022","1000120","labeler"
"1000022","1000056","labeler"
"1000022","1000075","labeler"
"1000022","1000098","labeler"
"1000022","1000118","labeler"
"1000022","1000150","labeler"
"1000022","1000136","labeler"
"1000022","1000059","labeler"
"1000022","1000026","labeler"
"1000023","1000000","labeler"
"1000024","1000047","labeler"
"1000024","1000072","labeler"
"1000024","1000006","labeler"
"1000024","1000000","labeler"
"1000024","1000126","labeler"
"1000024","1000017","labeler"
"1000024","1000045","labeler"
"1000024","1000086","labeler"
"1000024","1000075","labeler"
"1000024","1000009","labeler"
"1000024","1000014","labeler"
"1000024","1000026","labeler"
"1000024","1000039","labeler"
"1000024","1000113","labeler"
"1000024","1000061","labeler"
"1000024","1000062","labeler"
"1000024","1000137","labeler"
"1000024","1000003","labeler"
"1000024","1000087","labeler"
"1000024","1000059","labeler"
"1000024","1000021","labeler"
"1000024","1000015","labeler"
"1000024","1000133","labeler"
"1000024","1000130","labeler"
"1000024","1000023","labeler"
"1000024","1000027","labeler"
"1000024","1000094","labeler"
"1000024","1000043","labeler"
"1000024","1000019","labeler"
"1000025","1000000","labeler"
"1000025","1000019","labeler"
"1000025","1000086","labeler"
"1000025","1000036","labeler"
"1000025","1000104","labeler"
"1000025","1000115","labeler"
"1000025","1000076","labeler"
"1000025","1000003","labeler"
"1000025","1000118","labeler"
"1000025","1000040","labeler"
"1000025","1000103","labeler"
"1000025","1000011","labeler"
"1000025","1000147","labeler"
"1000025","1000060","labeler"
"1000025","1000064","labeler"
"1000025","1000046","labeler"
"1000025","1000093","labeler"
"1000025","1000134","labeler"
"1000025","1000087","labeler"
"1000025","1000088","labeler"
"1000025","1000038","labeler"
"1000025","1000001","labeler"
"1000025","1000099","labeler"
"1000025","1000113","labeler"
"1000025","1000021","labeler"
"1000025","1000097","labeler"
"1000025","1000016","labeler"
"1000025","1000062","labeler"
"1000025","1000090","labeler"
"1000025","1000006","labeler"
"1000025","1000004","labeler"
"1000025","1000109","labeler"
"1000025","1000102","labeler"
"1000025","1000140","labeler"
"1000025","1000015","labeler"
"1000025","1000061","labeler"
"1000025","1000053","labeler"
"1000025","1000129","labeler"
"1000025","1000107","labeler"
"1000025","1000009","labeler"
"1000025","1000028","labeler"
"1000025","1000057","labeler"
"1000025","1000074","labeler"
"1000025","1000025","labeler"
"1000025","1000048","labeler"
"1000025","1000073","labeler"
"1000025","1000139","labeler"
"1000026","1000006","labeler"
"1000026","1000120","labeler"
"1000026","1000004","labeler"
"1000026","1000039","labeler"
"1000026","1000073","labeler"
"1000026","1000082","labeler"
"1000026","1000115","labeler"
"1000026","1000049","labeler"
"1000026","1000101","labeler"
"1000026","1000112","labeler"
"1000026","1000046","labeler"
"1000026","1000116","labeler"
"1000026","1000135","labeler"
"1000026","1000072","labeler"
"1000026","1000078","labeler"
"1000026","1000013","labeler"
"1000026","1000071","labeler"
"1000026","1000077","labeler"
"1000026","1000036","labeler"
"1000026","1000059","labeler"
"1000026","1000040","labeler"
"1000026","1000124","labeler"
"1000026","1000015","labeler"
"1000026","1000045","labeler"
"1000026","1000105","labeler"
"1000027","1000098","labeler"
"1000027","1000023","labeler"
"1000027","1000000","labeler"
"1000027","1000094","labeler"
"1000027","1000109","labeler"
"1000027","1000018","labeler"
"1000027","1000013","labeler"
"1000027","1000034","labeler"
"1000027","1000030","labeler"
"1000027","1000002","labeler"
"1000027","1000066","labeler"
"1000027","1000076","labeler"
"1000027","1000027","labeler"
"1000027","1000074","labeler"
"1000027","1000009","labeler"
"1000027","1000083","labeler"
"1000027","1000045","labeler"
"1000027","1000133","labeler"
"1000027","1000046","labeler"
"1000027","1000105","labeler"
"1000027","1000143","labeler"
"1000027","1000096","labeler"
"1000027","1000050","labeler"
"1000027","1000140","labeler"
"1000027","1000042","labeler"
"1000027","1000099","labeler"
"1000027","1000103","labeler"
"1000027","1000001","labeler"
"1000027","1000021","labeler"
"1000027","1000006","labeler"
"1000027","1000062","labeler"
"1000027","1000033","labeler"
"1000027","1000104","labeler"
"1000027","1000004","labeler"
"1000027","1000075","labeler"
"1000027","1000041","labeler"
"1000028","1000016","labeler"
"1000028","1000078","labeler"
"1000030","1000047","labeler"
"1000030","1000000","labeler"
"1000030","1000002","labeler"
"1000030","1000077","labeler"
"1000030","1000072","labeler"
"1000030","1000034","labeler"
"1000030","1000026","labeler"
"1000030","1000055","labeler"
"1000030","1000003","labeler"
"1000030","1000140","labeler"
"1000030","1000030","labeler"
"1000030","1000001","labeler"
"1000030","1000067","labeler"
"1000030","1000061","labeler"
"1000030","1000023","labeler"
"1000030","1000046","labeler"
"1000030","1000112","labeler"
"1000030","1000041","labeler"
"1000030","1000028","labeler"
"1000030","1000042","labeler"
"1000030","1000025","labeler"
"1000030","1000115","labeler"
"1000030","1000016","labeler"
"1000030","1000090","labeler"
"1000030","1000045","labeler"
"1000030","1000101","labeler"
"1000030","1000099","labeler"
"1000030","1000086","labeler"
"1000030","1000053","labeler"
"1000030","1000057","labeler"
"1000030","1000058","labeler"
"1000030","1000040","labeler"
"1000030","1000131","labeler"
"1000030","1000103","labeler"
"1000030","1000043","labeler"
"1000030","1000111","labeler"
"1000030","1000035","labeler"
"1000030","1000104","labeler"
"1000030","1000022","labeler"
"1000030","1000097","labeler"
"1000030","1000037","labeler"
"1000030","1000113","labeler"
"1000030","1000021","labeler"
"1000030","1000050","labeler"
"1000030","1000010","labeler"
"1000030","1000048","labeler"
"1000030","1000127","labeler"
"1000030","1000096","labeler"
"1000030","1000066","labeler"
"1000030","1000008","labeler"
"1000030","1000087","labeler"
"1000030","1000015","labeler"
"1000030","1000089","labeler"
"1000030","1000141","labeler"
"1000030","1000075","labeler"
"1000030","1000074","labeler"
"1000030","1000014","labeler"
"1000030","1000081","labeler"
"1000030","1000129","labeler"
"1000030","1000110","labeler"
"1000030","1000036","labeler"
"1000030","1000031","labeler"
"1000030","1000039","labeler"
"1000030","1000013","labeler"
"1000030","1000051","labeler"
"1000030","1000088","labeler"
"1000030","1000062","labeler"
"1000031","1000128","labeler"
"1000031","1000118","labeler"
"1000031","1000000","labeler"
"1000031","1000035","labeler"
"1000031","1000058","labeler"
"1000031","1000137","labeler"
"1000031","1000012","labeler"
"1000031","1000056","labeler"
"1000031","1000018","labeler"
"1000031","1000022","labeler"
"1000031","1000008","labeler"
"1000031","1000115","labeler"
"1000031","1000013","labeler"
"1000031","1000028","labeler"
"1000031","1000046","labeler"
"1000031","1000044","labeler"
"1000031","1000096","labeler"
"1000031","1000034","labeler"
"1000031","1000026","labeler"
"1000031","1000024","labeler"
"1000031","1000036","labeler"
"1000031","1000006","labeler"
"1000031","1000001","labeler"
"1000031","1000149","labeler"
"1000031","1000088","labeler"
"1000031","1000071","labeler"
"1000031","1000030","labeler"
"1000031","1000077","labeler"
"1000031","1000005","labeler"
"1000031","1000103","labeler"
"1000031","1000054","labeler"
"1000031","1000106","labeler"
"1000031","1000078","labeler"
"1000031","1000060","labeler"
"1000031","1000094","labeler"
"1000031","1000007","labeler"
"1000031","1000082","labeler"
"1000031","1000117","labeler"
"1000031","1000010","labeler"
"1000031","1000073","labeler"
"1000031","1000004","labeler"
"1000031","1000014","labeler"
"1000031","1000074","labeler"
"1000031","1000059","labeler"
"1000031","1000032","labeler"
"1000031","1000063","labeler"
"1000031","1000150","labeler"
"1000031","1000047","labeler"
"1000031","1000123","labeler"
"1000031","1000050","labeler"
"1000031","1000002","labeler"
"1000031","1000065","labeler"
"1000031","1000040","labeler"
"1000031","1000019","labeler"
"1000031","1000042","labeler"
"1000031","1000045","labeler"
"1000031","1000021","labeler"
"1000031","1000052","labeler"
"1000031","1000031","labeler"
"1000031","1000043","labeler"
"1000031","1000029","labeler"
"1000031","1000053","labeler"
"1000031","1000093","labeler"
"1000031","1000066","labeler"
"1000032","1000074","labeler"
"1000032","1000067","labeler"
"1000032","1000126","labeler"
"1000032","1000004","labeler"
"1000032","1000056","labeler"
"1000032","1000000","labeler"
"1000032","1000107","labeler"
"1000032","1000030","labeler"
"1000032","1000052","labeler"
"1000032","1000035","labeler"
"1000032","1000016","labeler"
"1000032","1000005","labeler"
"1000032","1000105","labeler"
"1000032","1000006","labeler"
"1000032","1000068","labeler"
"1000032","1000144","labeler"
"1000032","1000011","labeler"
"1000032","1000044","labeler"
"1000032","1000010","labeler"
"1000032","1000132","labeler"
"1000032","1000042","labeler"
"1000032","1000027","labeler"
"1000032","1000034","labeler"
"1000032","1000063","labeler"
"1000033","1000091","labeler"
"1000033","1000007","labeler"
"1000033","1000005","labeler"
"1000033","1000053","labeler"
"1000034","1000001","labeler"
"1000034","1000010","labeler"
"1000034","1000033","labeler"
"1000034","1000080","labeler"
"1000034","1000072","labeler"
"1000034","1000017","labeler"
"1000034","1000130","labeler"
"1000034","1000003","labeler"
"1000034","1000024","labeler"
"1000034","1000034","labeler"
"1000034","1000014","labeler"
"1000034","1000047","labeler"
"1000034","1000088","labeler"
"1000034","1000057","labeler"
"1000034","1000107","labeler"
"1000034","1000019","labeler"
"1000034","1000128","labeler"
"1000034","1000111","labeler"
"1000034","1000052","labeler"
"1000035","1000091","labeler"
"1000036","1000062","labeler"
"1000036","1000068","labeler"
"1000036","1000086","labeler"
"1000036","1000057","labeler"
"1000036","1000005","labeler"
"1000036","1000118","labeler"
"1000036","1000024","labeler"
"1000036","1000000","labeler"
"1000036","1000067","labeler"
"1000036","1000015","labeler"
"1000036","1000021","labeler"
"1000036","1000051","labeler"
"1000036","1000054","labeler"
"1000036","1000060","labeler"
"1000036","1000106","labeler"
"1000036","1000003","labeler"
"1000036","1000107","labeler"
"1000036","1000009","labeler"
"1000036","1000034","labeler"
"1000036","1000122","labeler"
"1000036","1000008","labeler"
"1000036","1000066","labeler"
"1000036","1000023","labeler"
"1000036","1000082","labeler"
"1000036","1000013","labeler"
"1000036","1000069","labeler"
"1000036","1000119","labeler"
"1000036","1000035","labeler"
"1000036","1000044","labeler"
"1000036","1000064","labeler"
"1000036","1000059","labeler"
"1000036","1000043","labeler"
"1000036","1000010","labeler"
"1000036","1000016","labeler"
"1000036","1000046","labeler"
"1000036","1000073","labeler"
"1000036","1000006","labeler"
"1000036","1000103","labeler"
"1000036","1000104","labeler"
"1000036","1000011","labeler"
"1000036","1000075","labeler"
"1000036","1000120","labeler"
"1000036","1000137","labeler"
"1000036","1000087","labeler"
"1000036","1000099","labeler"
"1000036","1000091","labeler"
"1000036","1000029","labeler"
"1000036","1000031","labeler"
"1000036","1000002","labeler"
"1000036","1000049","labeler"
"1000036","1000019","labeler"
"1000036","1000065","labeler"
"1000036","1000061","labeler"
"1000036","1000037","labeler"
"1000036","1000072","labeler"
"1000036","1000001","labeler"
"1000036","1000117","labeler"
"1000036","1000108","labeler"
"1000036","1000085","labeler"
"1000036","1000080","labeler"
"1000036","1000018","labeler"
"1000036","1000078","labeler"
"1000036","1000081","labeler"
"1000036","1000050","labeler"
"1000036","1000055","labeler"
"1000036","1000032","labeler"
"1000037","1000007","labeler"
"1000037","1000061","labeler"
"1000037","1000119","labeler"
"1000037","1000042","labeler"
"1000037","1000073","labeler"
"1000037","1000071","labeler"
"1000037","1000000","labeler"
"1000037","1000026","labeler"
"1000037","1000010","labeler"
"1000037","1000065","labeler"
"1000037","1000037","labeler"
"1000037","1000011","labeler"
"1000037","1000052","labeler"
"1000037","1000112","labeler"
"1000037","1000054","labeler"
"1000037","1000030","labeler"
"1000037","1000029","labeler"
"1000037","1000024","labeler"
"1000037","1000103","labeler"
"1000038","1000053","labeler"
"1000038","1000050","labeler"
"1000039","1000004","labeler"
"1000039","1000047","labeler"
"1000039","1000062","labeler"
"1000039","1000021","labeler"
"1000039","1000081","labeler"
"1000039","1000007","labeler"
"1000039","1000154","labeler"
"1000039","1000010","labeler"
"1000039","1000028","labeler"
"1000039","1000002","labeler"
"1000039","1000050","labeler"
"1000039","1000001","labeler"
"1000039","1000088","labeler"
"1000039","1000100","labeler"
"1000039","1000112","labeler"
"1000039","1000096","labeler"
"1000039","1000133","labeler"
"1000039","1000003","labeler"
"1000039","1000149","labeler"
"1000039","1000019","labeler"
"1000039","1000023","labeler"
"1000039","1000015","labeler"
"1000039","1000009","labeler"
"1000039","1000117","labeler"
"1000039","1000025","labeler"
"1000039","1000056","labeler"
"1000039","1000018","labeler"
"1000039","1000024","labeler"
"1000039","1000063","labeler"
"1000039","1000041","labeler"
"1000039","1000124","labeler"
"1000039","1000101","labeler"
"1000039","1000029","labeler"
"1000039","1000074","labeler"
"1000039","1000026","labeler"
"1000039","1000115","labeler"
"1000039","1000057","labeler"
"1000039","1000069","labeler"
"1000039","1000008","labeler"
"1000039","1000095","labeler"
"1000039","1000054","labeler"
"1000039","1000114","labeler"
"1000039","1000066","labeler"
"1000039","1000060","labeler"
"1000039","1000089","labeler"
"1000039","1000037","labeler"
"1000039","1000123","labeler"
"1000039","1000040","labeler"
"1000039","1000006","labeler"
"1000039","1000022","labeler"
"1000039","1000103","labeler"
"1000039","1000082","labeler"
"1000039","1000068","labeler"
"1000039","1000017","labeler"
"1000039","1000043","labeler"
"1000039","1000109","labeler"
"1000039","1000013","labeler"
"1000039","1000036","labeler"
"1000039","1000094","labeler"
"1000039","1000000","labeler"
"1000039","1000078","labeler"
"1000039","1000027","labeler"
"1000039","1000055","labeler"
"1000039","1000079","labeler"
"1000039","1000052","labeler"
"1000039","1000031","labeler"
"1000039","1000121","labeler"
"1000039","1000048","labeler"
"1000039","1000005","labeler"
"1000039","1000076","labeler"
"1000039","1000120","labeler"
"1000039","1000085","labeler"
"1000039","1000064","labeler"
"1000039","1000072","labeler"
"1000039","1000073","labeler"
"1000039","1000032","labeler"
"1000039","1000138","labeler"
"1000039","1000030","labeler"
"1000039","1000014","labeler"
"1000039","1000070","labeler"
"1000039","1000011","labeler"
"1000039","1000061","labeler"
"1000039","1000058","labeler"
"1000039","1000065","labeler"
"1000039","1000033","labeler"
"1000039","1000145","labeler"
"1000039","1000053","labeler"
"1000039","1000080","labeler"
"1000039","1000038","labeler"
"1000039","1000092","labeler"
"1000039","1000067","labeler"
"1000039","1000128","labeler"
"1000039","1000012","labeler"
"1000039","1000106","labeler"
"1000039","1000108","labeler"
"1000039","1000152","labeler"
"1000039","1000090","labeler"
"1000039","1000139","labeler"
"1000039","1000113","labeler"
"1000039","1000083","labeler"
"1000039","1000107","labeler"
"1000039","1000059","labeler"
"1000039","1000093","labeler"
"1000039","1000075","labeler"
"1000039","1000130","labeler"
"1000039","1000137","labeler"
"1000039","1000044","labeler"
"1000039","1000042","labeler"
"1000039","1000105","labeler"
"1000039","1000071","labeler"
"1000039","1000144","labeler"
"1000039","1000046","labeler"
"1000039","1000129","labeler"
"1000039","1000110","labeler"
"1000039","1000104","labeler"
"1000039","1000087","labeler"
"1000039","1000016","labeler"
"1000040","1000053","labeler"
"1000040","1000006","labeler"
"1000040","1000017","labeler"
"1000040","1000093","labeler"
"1000040","1000014","labeler"
"1000040","1000092","labeler"
"1000040","1000035","labeler"
"1000040","1000008","labeler"
"1000040","1000033","labeler"
"1000040","1000088","labeler"
"1000040","1000001","labeler"
"1000040","1000097","labeler"
"1000040","1000022","labeler"
"1000040","1000026","labeler"
"1000040","1000085","labeler"
"1000040","1000032","labeler"
"1000040","1000037","labeler"
"1000040","1000090","labeler"
"1000041","1000082","labeler"
"1000041","1000075","labeler"
"1000041","1000053","labeler"
"1000041","1000014","labeler"
"1000041","1000040","labeler"
"1000041","1000111","labeler"
"1000041","1000061","labeler"
"1000041","1000048","labeler"
"1000041","1000068","labeler"
"1000041","1000087","labeler"
"1000041","1000113","labeler"
"1000041","1000026","labeler"
"1000041","1000017","labeler"
"1000041","1000091","labeler"
"1000041","1000006","labeler"
"1000041","1000032","labeler"
"1000041","1000021","labeler"
"1000041","1000089","labeler"
"1000041","1000074","labeler"
"1000041","1000062","labeler"
"1000041","1000030","labeler"
"1000041","1000050","labeler"
"1000041","1000003","labeler"
"1000041","1000055","labeler"
"1000041","1000114","labeler"
"1000041","1000083","labeler"
"1000041","1000036","labeler"
"1000041","1000012","labeler"
"1000041","1000100","labeler"
"1000041","1000042","labeler"
"1000041","1000009","labeler"
"1000041","1000131","labeler"
"1000041","1000109","labeler"
"1000041","1000085","labeler"
"1000041","1000024","labeler"
"1000041","1000093","labeler"
"1000041","1000128","labeler"
"1000041","1000108","labeler"
"1000041","1000043","labeler"
"1000041","1000095","labeler"
"1000041","1000103","labeler"
"1000041","1000141","labeler"
"1000041","1000054","labeler"
"1000041","1000034","labeler"
"1000041","1000000","labeler"
"1000041","1000090","labeler"
"1000041","1000084","labeler"
"1000041","1000001","labeler"
"1000041","1000133","labeler"
"1000041","1000044","labeler"
"1000041","1000057","labeler"
"1000041","1000027","labeler"
"1000042","1000008","labeler"
"1000042","1000028","labeler"
"1000042","1000035","labeler"
"1000042","1000082","labeler"
"1000042","1000085","labeler"
"1000042","1000007","labeler"
"1000042","1000117","labeler"
"1000042","1000074","labeler"
"1000042","1000108","labeler"
"1000042","1000077","labeler"
"1000042","1000061","labeler"
"1000042","1000143","labeler"
"1000042","1000052","labeler"
"1000042","1000076","labeler"
"1000042","1000120","labeler"
"1000042","1000078","labeler"
"1000042","1000107","labeler"
"1000042","1000073","labeler"
"1000042","1000006","labeler"
"1000042","1000088","labeler"
"1000042","1000002","labeler"
"1000042","1000125","labeler"
"1000042","1000056","labeler"
"1000042","1000072","labeler"
"1000042","1000026","labeler"
"1000042","1000058","labeler"
"1000042","1000000","labeler"
"1000042","1000068","labeler"
"1000042","1000005","labeler"
"1000042","1000064","labeler"
"1000042","1000099","labeler"
"1000042","1000135","labeler"
"1000042","1000081","labeler"
"1000042","1000047","labeler"
"1000042","1000097","labeler"
"1000042","1000091","labeler"
"1000042","1000042","labeler"
"1000042","1000025","labeler"
"1000042","1000084","labeler"
"1000042","1000055","labeler"
"1000042","1000043","labeler"
"1000043","1000107","labeler"
"1000043","1000115","labeler"
"1000043","1000089","labeler"
"1000043","1000031","labeler"
"1000043","1000119","labeler"
"1000043","1000098","labeler"
"1000043","1000102","labeler"
"1000043","1000033","labeler"
"1000043","1000014","labeler"
"1000043","1000045","labeler"
"1000043","1000052","labeler"
"1000043","1000027","labeler"
"1000043","1000000","labeler"
"1000043","1000022","labeler"
"1000043","1000044","labeler"
"1000043","1000143","labeler"
"1000043","1000004","labeler"
"1000043","1000088","labeler"
"1000043","1000024","labeler"
"1000043","1000085","labeler"
"1000043","1000061","labeler"
"1000043","1000120","labeler"
"1000043","1000016","labeler"
"1000043","1000140","labeler"
"1000043","1000075","labeler"
"1000043","1000020","labeler"
"1000043","1000124","labeler"
"1000043","1000030","labeler"
"1000043","1000008","labeler"
"1000043","1000059","labeler"
"1000043","1000090","labeler"
"1000044","1000104","labeler"
"1000044","1000120","labeler"
"1000044","1000143","labeler"
"1000044","1000000","labeler"
"1000044","1000158","labeler"
"1000044","1000001","labeler"
"1000044","1000137","labeler"
"1000044","1000044","labeler"
"1000044","1000002","labeler"
"1000044","1000010","labeler"
"1000044","1000054","labeler"
"1000044","1000009","labeler"
"1000044","1000032","labeler"
"1000044","1000121","labeler"
"1000044","1000103","labeler"
"1000044","1000079","labeler"
"1000044","1000049","labeler"
"1000044","1000045","labeler"
"1000044","1000014","labeler"
"1000044","1000066","labeler"
"1000044","1000083","labeler"
"1000044","1000012","labeler"
"1000044","1000123","labeler"
"1000044","1000021","labeler"
"1000044","1000013","labeler"
"1000044","1000112","labeler"
"1000044","1000016","labeler"
"1000044","1000077","labeler"
"1000044","1000076","labeler"
"1000044","1000026","labeler"
"1000044","1000018","labeler"
"1000044","1000028","labeler"
"1000044","1000073","labeler"
"1000044","1000072","labeler"
"1000044","1000030","labeler"
"1000044","1000122","labeler"
"1000044","1000024","labeler"
"1000044","1000129","labeler"
"1000044","1000048","labeler"
"1000044","1000035","labeler"
"1000044","1000047","labeler"
"1000044","1000043","labeler"
"1000044","1000086","labeler"
"1000044","1000062","labeler"
"1000044","1000091","labeler"
"1000044","1000088","labeler"
"1000044","1000034","labeler"
"1000044","1000008","labeler"
"1000044","1000119","labeler"
"1000044","1000051","labeler"
"1000044","1000074","labeler"
"1000044","1000106","labeler"
"1000044","1000059","labeler"
"1000044","1000019","labeler"
"1000044","1000023","labeler"
"1000044","1000078","labeler"
"1000044","1000081","labeler"
"1000044","1000037","labeler"
"1000044","1000070","labeler"
"1000044","1000004","labeler"
"1000044","1000017","labeler"
"1000044","1000087","labeler"
"1000044","1000057","labeler"
"1000044","1000042","labeler"
"1000044","1000141","labeler"
"1000044","1000046","labeler"
"1000044","1000006","labeler"
"1000044","1000011","labeler"
"1000044","1000067","labeler"
"1000044","1000061","labeler"
"1000044","1000003","labeler"
"1000044","1000055","labeler"
"1000044","1000108","labeler"
"1000044","1000056","labeler"
"1000044","1000111","labeler"
"1000044","1000025","labeler"
"1000044","1000015","labeler"
"1000044","1000007","labeler"
"1000044","1000148","labeler"
"1000044","1000109","labeler"
"1000044","1000040","labeler"
"1000044","1000145","labeler"
"1000044","1000090","labeler"
"1000044","1000075","labeler"
"1000044","1000113","labeler"
"1000044","1000102","labeler"
"1000044","1000131","labeler"
"1000044","1000101","labeler"
"1000044","1000064","labeler"
"1000044","1000080","labeler"
"1000044","1000005","labeler"
"1000044","1000063","labeler"
"1000044","1000156","labeler"
"1000044","1000082","labeler"
"1000044","1000053","labeler"
"1000044","1000050","labeler"
"1000045","1000071","labeler"
"1000045","1000011","labeler"
"1000045","1000023","labeler"
"1000045","1000069","labeler"
"1000045","1000048","labeler"
"1000046","1000046","labeler"
"1000046","1000018","labeler"
"1000046","1000116","labeler"
"1000047","1000042","labeler"
"1000047","1000099","labeler"
"1000047","1000093","labeler"
"1000047","1000000","labeler"
"1000047","1000067","labeler"
"1000047","1000024","labeler"
"1000047","1000084","labeler"
"1000047","1000014","labeler"
"1000047","1000029","labeler"
"1000047","1000061","labeler"
"1000047","1000051","labeler"
"1000047","1000113","labeler"
"1000047","1000098","labeler"
"1000047","1000074","labeler"
"1000047","1000019","labeler"
"1000047","1000092","labeler"
"1000047","1000022","labeler"
"1000047","1000057","labeler"
"1000047","1000059","labeler"
"1000047","1000096","labeler"
"1000047","1000127","labeler"
"1000047","1000015","labeler"
"1000047","1000160","labeler"
"1000047","1000012","labeler"
"1000047","1000071","labeler"
"1000047","1000017","labeler"
"1000047","1000040","labeler"
"1000047","1000079","labeler"
"1000047","1000053","labeler"
"1000047","1000003","labeler"
"1000047","1000078","labeler"
"1000047","1000009","labeler"
"1000047","1000006","labeler"
"1000047","1000070","labeler"
"1000047","1000052","labeler"
"1000047","1000138","labeler"
"1000047","1000004","labeler"
"1000047","1000047","labeler"
"1000047","1000031","labeler"
"1000047","1000001","labeler"
"1000047","1000097","labeler"
"1000047","1000028","labeler"
"1000047","1000058","labeler"
"1000047","1000032","labeler"
"1000047","1000007","labeler"
"1000047","1000044","labeler"
"1000047","1000034","labeler"
"1000047","1000128","labeler"
"1000047","1000121","labeler"
"1000047","1000064","labeler"
"1000047","1000076","labeler"
"1000047","1000030","labeler"
"1000047","1000002","labeler"
"1000047","1000048","labeler"
"1000047","1000130","labeler"
"1000047","1000046","labeler"
"1000047","1000025","labeler"
"1000047","1000010","labeler"
"1000047","1000088","labeler"
"1000048","1000001","labeler"
"1000048","1000084","labeler"
"1000048","1000016","labeler"
"1000048","1000076","labeler"
"1000048","1000002","labeler"
"1000048","1000005","labeler"
"1000048","1000095","labeler"
"1000048","1000090","labeler"
"1000048","1000017","labeler"
"1000048","1000034","labeler"
"1000048","1000008","labeler"
"1000048","1000085","labeler"
"1000048","1000071","labeler"
"1000048","1000047","labeler"
"1000048","1000053","labeler"
"1000048","1000074","labeler"
"1000048","1000039","labeler"
"1000048","1000011","labeler"
"1000048","1000061","labeler"
"1000048","1000014","labeler"
"1000049","1000056","labeler"
"1000049","1000045","labeler"
"1000049","1000031","labeler"
"1000049","1000105","labeler"
"1000049","1000054","labeler"
"1000049","1000012","labeler"
"1000049","1000016","labeler"
"1000049","1000002","labeler"
"1000049","1000005","labeler"
"1000049","1000033","labeler"
"1000049","1000000","labeler"
"1000049","1000101","labeler"
"1000049","1000091","labeler"
"1000049","1000109","labeler"
"1000049","1000024","labeler"
"1000049","1000098","labeler"
"1000049","1000072","labeler"
"1000049","1000150","labeler"
"1000049","1000018","labeler"
"1000049","1000047","labeler"
"1000049","1000022","labeler"
"1000049","1000099","labeler"
"1000049","1000079","labeler"
"1000049","1000026","labeler"
"1000049","1000116","labeler"
"1000049","1000126","labeler"
"1000049","1000052","labeler"
"1000049","1000080","labeler"
"1000049","1000102","labeler"
"1000049","1000013","labeler"
"1000049","1000003","labeler"
"1000049","1000103","labeler"
"1000049","1000111","labeler"
"1000049","1000107","labeler"
"1000049","1000001","labeler"
"1000049","1000043","labeler"
"1000049","1000020","labeler"
"1000049","1000077","labeler"
"1000049","1000137","labeler"
"1000049","1000157","labeler"
"1000049","1000029","labeler"
"1000049","1000055","labeler"
"1000049","1000015","labeler"
"1000049","1000070","labeler"
"1000049","1000017","labeler"
"1000049","1000068","labeler"
"1000049","1000084","labeler"
"1000049","1000097","labeler"
"1000049","1000004","labeler"
"1000049","1000141","labeler"
"1000049","1000039","labeler"
"1000049","1000133","labeler"
"1000049","1000034","labeler"
"1000049","1000058","labeler"
"1000049","1000094","labeler"
"1000049","1000088","labeler"
"1000049","1000110","labeler"
"1000049","1000081","labeler"
"1000049","1000065","labeler"
"1000049","1000011","labeler"
"1000049","1000021","labeler"
"1000049","1000066","labeler"
"1000049","1000060","labeler"
"1000049","1000044","labeler"
"1000049","1000142","labeler"
"1000049","1000093","labeler"
"1000049","1000027","labeler"
"1000049","1000040","labeler"
"1000049","1000078","labeler"
"1000049","1000092","labeler"
"1000049","1000059","labeler"
"1000049","1000064","labeler"
"1000049","1000050","labeler"
"1000049","1000125","labeler"
"1000049","1000048","labeler"
"1000049","1000007","labeler"
"1000049","1000019","labeler"
"1000049","1000053","labeler"
"1000049","1000074","labeler"
"1000049","1000075","labeler"
"1000049","1000042","labeler"
"1000049","1000153","labeler"
"1000049","1000104","labeler"
"1000049","1000073","labeler"
"1000049","1000087","labeler"
"1000049","1000025","labeler"
"1000049","1000028","labeler"
"1000049","1000120","labeler"
"1000049","1000006","labeler"
"1000049","1000085","labeler"
"1000049","1000037","labeler"
"1000049","1000151","labeler"
"1000049","1000083","labeler"
"1000049","1000049","labeler"
"1000049","1000010","labeler"
"1000049","1000144","labeler"
"1000049","1000063","labeler"
"1000049","1000030","labeler"
"1000049","1000117","labeler"
"1000049","1000046","labeler"
"1000049","1000127","labeler"
"1000049","1000139","labeler"
"1000049","1000069","labeler"
"1000049","1000035","labeler"
"1000049","1000076","labeler"
"1000049","1000152","labeler"
"1000049","1000128","labeler"
"1000049","1000089","labeler"
"999990","9999991","owner"
